CREATE DATABASE  IF NOT EXISTS `eurocyclesDatabase` /*!40100 DEFAULT CHARACTER SET utf8mb4 COLLATE utf8mb4_0900_ai_ci */ /*!80016 DEFAULT ENCRYPTION='N' */;
USE `eurocyclesDatabase`;
-- MySQL dump 10.13  Distrib 8.0.21, for macos10.15 (x86_64)
--
-- Host: 127.0.0.1    Database: eurocyclesDatabase
-- ------------------------------------------------------
-- Server version	8.0.21

/*!40101 SET @OLD_CHARACTER_SET_CLIENT=@@CHARACTER_SET_CLIENT */;
/*!40101 SET @OLD_CHARACTER_SET_RESULTS=@@CHARACTER_SET_RESULTS */;
/*!40101 SET @OLD_COLLATION_CONNECTION=@@COLLATION_CONNECTION */;
/*!50503 SET NAMES utf8 */;
/*!40103 SET @OLD_TIME_ZONE=@@TIME_ZONE */;
/*!40103 SET TIME_ZONE='+00:00' */;
/*!40014 SET @OLD_UNIQUE_CHECKS=@@UNIQUE_CHECKS, UNIQUE_CHECKS=0 */;
/*!40014 SET @OLD_FOREIGN_KEY_CHECKS=@@FOREIGN_KEY_CHECKS, FOREIGN_KEY_CHECKS=0 */;
/*!40101 SET @OLD_SQL_MODE=@@SQL_MODE, SQL_MODE='NO_AUTO_VALUE_ON_ZERO' */;
/*!40111 SET @OLD_SQL_NOTES=@@SQL_NOTES, SQL_NOTES=0 */;

--
-- Table structure for table `Clients`
--

DROP TABLE IF EXISTS `Clients`;
/*!40101 SET @saved_cs_client     = @@character_set_client */;
/*!50503 SET character_set_client = utf8mb4 */;
CREATE TABLE `Clients` (
  `clientID` int NOT NULL,
  `lName` varchar(255) DEFAULT NULL,
  `fName` varchar(255) DEFAULT NULL,
  `email` varchar(255) DEFAULT NULL,
  `telephone` varchar(255) DEFAULT NULL,
  `address` varchar(255) DEFAULT NULL,
  PRIMARY KEY (`clientID`)
) ENGINE=InnoDB DEFAULT CHARSET=utf8mb4 COLLATE=utf8mb4_0900_ai_ci;
/*!40101 SET character_set_client = @saved_cs_client */;

--
-- Dumping data for table `Clients`
--

LOCK TABLES `Clients` WRITE;
/*!40000 ALTER TABLE `Clients` DISABLE KEYS */;
INSERT INTO `Clients` VALUES (1,'Richardson','William','willian.ric@yahoo.ie','353012566684','34, Aungier Street, Dublin2, Ireland'),(2,'Mayer','Shirley','shirley.mayer@gmail.com','353569955634','20, Stephen Street, Dublin1, Ireland'),(3,'McCollin','Donna','donna123@outlook.com','353025698477','10, Ferdinand Road, Dublin3, Ireland'),(4,'Carrey','Mariah','famous.mariah@aol.com','0445689652214','20, Hall of Fame, Holyywwod, United States'),(5,'Chrisholm','Melanie','spice.melaniec@gmail.com.uk','35536254411235','15, The Beatles Street, Liverpool, United Kingdom'),(6,'Foullet','Jean','jean.foullet12@gmail.fr','389035699842','8, Rue Petit Palais, PAris2, France'),(7,'Bedin','Cris','cbedin0@intel.com','+7 301 805 1982','3557 Bartillon Junction'),(8,'Dominguez','Willy','wdominguez1@thetimes.co.uk','+86 506 797 7360','2 Leroy Avenue'),(9,'di Rocca','Silvain','sdirocca2@dropbox.com','+86 547 294 5003','547 Fremont Place'),(10,'Petrazzi','Giorgio','gpetrazzi3@gov.uk','+381 367 873 5752','99375 Maryland Park'),(11,'Piddlesden','Cooper','cpiddlesden4@abc.net.au','+62 772 151 1781','8 Hanson Point'),(12,'McCorkindale','Giffard','gmccorkindale5@usnews.com','+380 409 103 1796','3089 Quincy Avenue'),(13,'Vineall','Irv','ivineall6@si.edu','+86 362 514 2390','328 Kensington Terrace'),(14,'Cosgrive','Germaine','gcosgrive7@ucsd.edu','+351 695 545 1239','7 Hoffman Terrace'),(15,'Pentercost','Ian','ipentercost8@bloomberg.com','+86 637 598 8875','91764 Shelley Avenue'),(16,'Lougheid','Delmor','dlougheid9@seattletimes.com','+1 739 759 2153','0 Holmberg Avenue'),(17,'Maron','Jayme','jmarona@go.com','+86 163 577 7159','9231 Brentwood Avenue'),(18,'Gooderham','Gail','ggooderhamb@fema.gov','+86 988 473 9407','21 Ridgeway Court'),(19,'Hauger','Odetta','ohaugerc@webmd.com','+48 898 191 7384','734 Northwestern Crossing'),(20,'Crudginton','Cordula','ccrudgintond@diigo.com','+351 944 509 7412','7 Talmadge Court'),(21,'Mains','Roby','rmainse@sakura.ne.jp','+86 157 611 2390','9371 Shelley Junction'),(22,'McGeouch','Hillier','hmcgeouchf@facebook.com','+62 471 682 5558','27 Southridge Hill'),(23,'Wabb','Abigail','awabbg@google.co.uk','+98 343 759 5967','1 Warbler Crossing'),(24,'Sproule','Abbie','asprouleh@facebook.com','+976 906 909 8722','4482 Northwestern Street'),(25,'Aldwick','Frederigo','faldwicki@technorati.com','+1 281 729 4306','70 Lakewood Way'),(26,'Booy','Teresina','tbooyj@wired.com','+502 310 439 6516','09236 Myrtle Trail'),(27,'Prior','Gabe','gpriork@163.com','+55 394 552 1741','4 Ruskin Way'),(28,'Peplow','Adah','apeplowl@networkadvertising.org','+374 160 863 5893','05732 Dapin Park'),(29,'Ronci','Gearard','groncim@bing.com','+30 322 994 9115','219 Beilfuss Way'),(30,'Pentycross','Amelita','apentycrossn@npr.org','+62 254 247 1139','9058 Sachs Park'),(31,'Swindles','Leigh','lswindleso@arstechnica.com','+33 712 342 3911','369 Walton Crossing'),(32,'Kemmer','Zacherie','zkemmerp@pagesperso-orange.fr','+62 482 189 9643','2 Amoth Way'),(33,'Ivanishev','Olly','oivanishevq@virginia.edu','+502 659 831 5479','7500 Erie Road'),(34,'L\'Hommeau','Fowler','flhommeaur@constantcontact.com','+62 229 638 9723','8569 Kenwood Park'),(35,'Tipens','Alley','atipenss@so-net.ne.jp','+30 512 957 6634','72796 Delladonna Lane'),(36,'Lancett','Thurston','tlancettt@deviantart.com','+93 799 408 0384','6370 Pleasure Center'),(37,'Iglesia','Isidore','iiglesiau@dion.ne.jp','+351 872 201 3983','9330 Hazelcrest Alley'),(38,'Woollacott','Denys','dwoollacottv@people.com.cn','+1 561 124 5822','957 Dapin Crossing'),(39,'Fresson','Silvan','sfressonw@utexas.edu','+53 209 231 2758','34 Hoffman Lane'),(40,'Wittleton','Woodrow','wwittletonx@upenn.edu','+86 913 935 6863','194 Weeping Birch Avenue'),(41,'Sinney','Hersh','hsinneyy@ca.gov','+63 656 213 1416','9015 Nelson Street'),(42,'Aireton','Claire','cairetonz@123-reg.co.uk','+48 477 252 1932','8 Butternut Street'),(43,'Robey','Gay','grobey10@shinystat.com','+506 847 357 4782','11 Macpherson Alley'),(44,'Roakes','Rodrick','rroakes11@si.edu','+86 750 223 7677','68 Erie Crossing'),(45,'Renault','Catrina','crenault12@eepurl.com','+221 442 675 0337','03558 Red Cloud Drive'),(46,'Rain','Leola','lrain13@ovh.net','+81 914 736 9159','0853 Amoth Drive'),(47,'Dadd','Ferdie','fdadd14@slideshare.net','+62 407 637 1895','5 Sommers Pass'),(48,'Wiseman','Courtney','cwiseman15@google.it','+62 190 737 7445','77169 South Plaza'),(49,'Tattershall','Afton','atattershall16@shutterfly.com','',''),(50,'Olivie','Pris','polivie17@sakura.ne.jp','+976 515 107 8947','4526 Florence Plaza'),(51,'Faier','Wallie','wfaier18@army.mil','+242 456 326 9386','712 Rutledge Alley'),(52,'Smeed','Kiele','ksmeed19@patch.com','+81 274 679 2828','744 Menomonie Avenue'),(53,'Gleave','Ezmeralda','egleave1a@vkontakte.ru','+689 653 391 9865','7 Holmberg Place'),(54,'Wressell','Raina','rwressell1b@kickstarter.com','+380 248 789 7041','58 Daystar Street'),(55,'Britee','Kenon','kbritee1c@ucla.edu','+55 715 539 2657','783 Victoria Circle'),(56,'Storre','Vita','vstorre1d@behance.net','+55 814 286 1729','43 John Wall Hill'),(57,'Destouche','Connor','cdestouche1e@uiuc.edu','+7 103 911 9107','150 Garrison Drive'),(58,'Attewell','Elston','eattewell1f@weather.com','+81 769 954 8934','1 Heffernan Court'),(59,'Piddick','Gusta','gpiddick1g@scientificamerican.com','+86 704 389 8486','33 Stoughton Parkway'),(60,'Calladine','Pauli','pcalladine1h@harvard.edu','+63 144 512 4927','686 Forest Run Point'),(61,'Lages','Algernon','alages1i@msn.com','+62 299 154 5283','87820 Coolidge Road'),(62,'Adamthwaite','Wendel','wadamthwaite1j@phpbb.com','+86 945 343 1959','0 Meadow Ridge Place'),(63,'Moreno','Claybourne','cmoreno1k@mysql.com','+234 459 182 1885','23 American Ash Terrace'),(64,'Desouza','Caty','cdesouza1l@dell.com','+62 147 394 7679','5129 Ludington Street'),(65,'Calabry','Rhetta','rcalabry1m@homestead.com','+351 975 500 6838','02877 Longview Junction'),(66,'Dubble','Arlen','adubble1n@forbes.com','+33 533 232 8779','106 Pierstorff Plaza'),(67,'Lipyeat','Salomon','slipyeat1o@sun.com','+62 750 431 6932','4 Corscot Drive'),(68,'Bischop','Jacinthe','jbischop1p@msu.edu','+51 380 202 9145','79 Cascade Road'),(69,'Schimke','Buck','bschimke1q@senate.gov','+62 300 545 6186','16 Algoma Junction'),(70,'Stedson','Emalee','estedson1r@engadget.com','+234 252 651 1273','7041 Vera Junction'),(71,'Blain','Kerri','kblain1s@google.it','+55 552 643 4507','070 Susan Court'),(72,'Pegler','Sergei','spegler1t@goo.ne.jp','',''),(73,'Coucha','Giustina','gcoucha1u@icio.us','+62 958 606 3279','913 Ludington Hill'),(74,'McIlvaney','Cherianne','cmcilvaney1v@merriam-webster.com','+62 761 846 3050','4 Holy Cross Hill'),(75,'Volett','Gertie','gvolett1w@boston.com','+63 803 692 4047','33565 Cordelia Terrace'),(76,'Siveter','Moshe','msiveter1x@delicious.com','+353 238 291 8116','972 Goodland Court'),(77,'Bainbrigge','Osmond','obainbrigge1y@amazon.de','+86 555 137 7202','4206 Browning Lane'),(78,'Gretham','Roslyn','rgretham1z@newyorker.com','+98 317 391 1114','22 Dixon Lane'),(79,'McQuillin','Cybill','cmcquillin20@simplemachines.org','+63 719 536 4577','5 Dahle Circle'),(80,'Polino','Cello','cpolino21@dailymotion.com','+48 555 797 5841','118 Meadow Vale Street'),(81,'Rubi','Sarette','srubi22@joomla.org','+86 658 490 2608','707 Atwood Court'),(82,'Cull','Stavro','scull23@addthis.com','+216 121 146 6030','9433 Roxbury Drive'),(83,'Hucker','Martino','mhucker24@google.pl','+51 669 486 4987','9962 Johnson Trail'),(84,'Sainteau','Flinn','fsainteau25@typepad.com','+353 317 242 2152','47 Anderson Court'),(85,'Goldspink','Jeffry','jgoldspink26@ebay.co.uk','+86 608 616 5252','1 Sommers Street'),(86,'Trundell','Moss','mtrundell27@cafepress.com','+62 480 169 9158','82952 Oxford Pass'),(87,'Chellingworth','Ned','nchellingworth28@statcounter.com','+1 229 170 9318','0 Pepper Wood Road'),(88,'Temby','Brooks','btemby29@over-blog.com','+62 426 249 5879','13341 Heath Road'),(89,'Iglesia','Dorthy','diglesia2a@ifeng.com','+86 934 858 5310','13 Stephen Place'),(90,'Leighfield','Elia','eleighfield2b@stanford.edu','+55 149 223 7393','521 Coolidge Court'),(91,'Singers','Myriam','msingers2c@mozilla.com','+994 318 602 2724','56862 Larry Terrace'),(92,'Kardos-Stowe','Farica','fkardosstowe2d@ow.ly','+880 948 875 1949','96761 Harper Way'),(93,'Colafate','Carola','ccolafate2e@hhs.gov','',''),(94,'De Carlo','Rochelle','rdecarlo2f@fema.gov','+66 581 188 1695','971 Sunnyside Trail'),(95,'Ranson','Nesta','nranson2g@fastcompany.com','+86 498 860 9782','9 Stone Corner Center'),(96,'Deniskevich','Konstantin','kdeniskevich2h@indiegogo.com','+62 243 934 9948','30738 Melrose Way'),(97,'Plumbridge','Nara','nplumbridge2i@admin.ch','+1 559 106 1061','068 Blackbird Pass'),(98,'Sexty','Finlay','fsexty2j@marketwatch.com','+55 450 597 4541','25391 Hudson Drive'),(99,'O\'Hallihane','Natka','nohallihane2k@wikispaces.com','+66 652 648 6022','5801 Logan Junction'),(100,'Manion','Meryl','mmanion2l@dell.com','+86 405 464 1777','55692 Eastlawn Court'),(101,'Boissieux','Gretal','gboissieux2m@icq.com','+95 175 940 4381','9 Morningstar Circle'),(102,'Garthside','Brynn','bgarthside2n@mozilla.com','+234 847 469 0110','38308 Eastlawn Junction'),(103,'Finlayson','Greggory','gfinlayson2o@google.com.br','+66 192 360 5069','21308 7th Road'),(104,'Hellier','Carrol','chellier2p@phpbb.com','+81 600 512 5480','01 Bonner Drive'),(105,'Coop','Dana','dcoop2q@eepurl.com','+63 979 887 0859','6377 Algoma Terrace'),(106,'Le Grove','Beverley','blegrove2r@webs.com','+63 546 374 0390','7357 Steensland Avenue'),(107,'Lambkin','Benyamin','blambkin2s@de.vu','+420 456 528 9575','370 Thackeray Trail'),(108,'Rodgier','Phedra','prodgier2t@domainmarket.com','+62 426 383 3858','67 Grim Junction'),(109,'Leguay','Regen','rleguay2u@dailymotion.com','+352 991 332 4112','3171 Westend Lane'),(110,'Peedell','Lyell','lpeedell2v@ox.ac.uk','+55 866 619 7057','252 Roxbury Court'),(111,'Cheine','Vikki','vcheine2w@eventbrite.com','+62 789 440 0435','9 Tennessee Crossing'),(112,'Munnery','Donelle','dmunnery2x@ameblo.jp','+62 358 657 7079','65 Nevada Park'),(113,'Conry','Alyce','aconry2y@springer.com','+66 285 922 5469','8 Forster Center'),(114,'Dix','Maurise','mdix2z@weather.com','+236 502 916 5729','9644 Linden Drive'),(115,'Byram','Ware','wbyram30@washingtonpost.com','+62 129 762 4203','93 David Crossing'),(116,'Coste','Lonnie','lcoste31@gnu.org','',''),(117,'Winnard','Krissie','kwinnard32@people.com.cn','+86 212 428 9724','53988 Dennis Center'),(118,'Goodliffe','Aubree','agoodliffe33@whitehouse.gov','+1 615 843 5715','97109 Melody Plaza'),(119,'Flukes','Vivien','vflukes34@patch.com','+27 736 144 4757','509 Sunbrook Street'),(120,'Lent','Binky','blent35@artisteer.com','+55 645 986 9154','90 Lawn Crossing'),(121,'Kindell','Augustina','akindell36@tiny.cc','+1 248 297 7994','498 Loftsgordon Alley'),(122,'Sokill','Lorin','lsokill37@usnews.com','+856 745 280 1557','41 Dennis Crossing'),(123,'Laurens','Arlette','alaurens38@skype.com','+98 447 718 2130','99 Beilfuss Crossing'),(124,'Mitrovic','Melamie','mmitrovic39@g.co','+86 230 550 8862','82 Eliot Parkway'),(125,'Boultwood','Odelinda','oboultwood3a@theatlantic.com','+380 922 174 9632','14985 Bartillon Hill'),(126,'Turley','Errick','eturley3b@altervista.org','+359 614 848 9891','8892 Badeau Parkway'),(127,'Simenel','Oralee','osimenel3c@parallels.com','+353 352 317 4116','6 Pond Alley'),(128,'Shoppee','Lacey','lshoppee3d@ning.com','+7 866 260 8041','5 Moulton Alley'),(129,'Titford','Nessy','ntitford3e@cdbaby.com','+86 810 841 7864','2 Shelley Lane'),(130,'Gutherson','Huntlee','hgutherson3f@si.edu','+62 491 708 8925','8476 Clyde Gallagher Park'),(131,'Dimanche','Murdock','mdimanche3g@vimeo.com','+57 110 126 3366','341 Memorial Road'),(132,'Daniels','Rustin','rdaniels3h@scientificamerican.com','+55 999 341 4622','471 Warbler Road'),(133,'Loveitt','Eleni','eloveitt3i@hp.com','+381 256 483 1989','026 La Follette Point'),(134,'Suggitt','Brendan','bsuggitt3j@booking.com','+62 978 489 8099','498 Gateway Road'),(135,'Allred','Grant','gallred3k@tinyurl.com','+86 507 662 7247','9320 Bellgrove Way'),(136,'Mackelworth','Gerry','gmackelworth3l@smugmug.com','+81 257 806 9400','6 Arapahoe Drive'),(137,'Trevethan','Brennan','btrevethan3m@epa.gov','+86 159 746 7980','6877 Kim Hill'),(138,'Ebertz','Dodi','debertz3n@macromedia.com','+62 911 105 8238','97820 Grayhawk Lane'),(139,'Dymick','Wells','wdymick3o@cnbc.com','+55 756 761 9452','9590 Reindahl Plaza'),(140,'Churchouse','Marlie','mchurchouse3p@netvibes.com','+7 749 792 6570','39897 Banding Place'),(141,'Kindle','Daryle','dkindle3q@printfriendly.com','+62 908 859 0401','24649 Jay Alley'),(142,'Ugo','Jesse','jugo3r@about.me','+52 775 103 0364','6 Hanson Alley'),(143,'Larway','Perrine','plarway3s@networksolutions.com','+86 660 408 3447','963 Sundown Park'),(144,'Snelgrove','Jarret','jsnelgrove3t@unesco.org','+62 611 314 4805','83886 Oak Center'),(145,'Flello','Kippar','kflello3u@yellowbook.com','+64 351 846 5763','52 Bultman Point'),(146,'Rowet','Dougy','drowet3v@behance.net','+62 679 300 4709','3293 Stuart Drive'),(147,'Skitteral','Emmott','eskitteral3w@github.com','',''),(148,'Batchelor','Aylmar','abatchelor3x@issuu.com','+86 472 374 7824','0400 Sachtjen Alley'),(149,'Twaite','Bambi','btwaite3y@youku.com','+355 927 102 9475','016 Barby Plaza'),(150,'Dupey','Karil','kdupey3z@examiner.com','+1 804 333 2944','3624 Nova Way'),(151,'Charters','Jayme','jcharters40@dropbox.com','+63 918 528 9859','3 Hansons Terrace'),(152,'Hapgood','Falkner','fhapgood41@spiegel.de','+86 490 130 3992','87705 Stuart Plaza'),(153,'Cathery','Jud','jcathery42@163.com','+58 421 836 6936','6632 Maryland Court'),(154,'Vodden','Kristal','kvodden43@lulu.com','+84 407 582 7677','01159 Oak Valley Road'),(155,'Felgat','Trenna','tfelgat44@narod.ru','+86 878 740 1171','5847 Sundown Park'),(156,'Gutans','Alic','agutans45@mozilla.com','+86 641 382 3295','97374 Green Plaza'),(157,'Mateev','Vachel','vmateev46@ycombinator.com','+62 154 779 2854','37476 Butterfield Plaza'),(158,'Francesco','Rog','rfrancesco47@huffingtonpost.com','+63 389 449 8828','96 Gale Hill'),(159,'Andrewartha','Clotilda','candrewartha48@wix.com','+81 394 812 8420','3 Badeau Avenue'),(160,'Locksley','Willyt','wlocksley49@chronoengine.com','+381 889 263 8838','3 Scott Terrace'),(161,'Mcettrick','Roberta','rmcettrick4a@gravatar.com','+229 736 407 2043','803 Main Place'),(162,'Haythornthwaite','Kore','khaythornthwaite4b@domainmarket.com','+86 991 332 3911','99 Montana Hill'),(163,'Melland','Garrott','gmelland4c@reverbnation.com','+86 383 995 3095','917 Meadow Vale Park'),(164,'Hayers','Hadleigh','hhayers4d@sohu.com','+1 719 435 3756','0308 8th Road'),(165,'Davidoff','Meara','mdavidoff4e@un.org','+351 982 650 1891','6 Pennsylvania Point'),(166,'Colecrough','Arleen','acolecrough4f@bluehost.com','+387 484 929 5298','22 Fieldstone Park'),(167,'Greguoli','Miriam','mgreguoli4g@newyorker.com','+254 735 229 3986','14623 Clemons Road'),(168,'Buswell','Hobie','hbuswell4h@youtube.com','+62 385 678 4562','38632 Vernon Road'),(169,'Le Galle','Arleta','alegalle4i@cbsnews.com','+62 253 346 5611','11 Talmadge Drive'),(170,'Moneti','Nichole','nmoneti4j@networksolutions.com','+1 857 444 2790','7766 Pine View Crossing'),(171,'Treweela','Evy','etreweela4k@theglobeandmail.com','+86 643 600 5697','864 Manufacturers Place'),(172,'Livard','Lyon','llivard4l@theatlantic.com','+973 466 222 2123','559 Nevada Lane'),(173,'Tansly','Dory','dtansly4m@bing.com','+351 637 467 1172','3 Golden Leaf Road'),(174,'Nowaczyk','Art','anowaczyk4n@businessinsider.com','+57 178 800 3151','3476 Amoth Park'),(175,'Marlin','Che','cmarlin4o@businesswire.com','+86 678 269 4608','22 Calypso Plaza'),(176,'Angelini','Chaunce','cangelini4p@bloglovin.com','+238 642 337 3972','35813 Elgar Court'),(177,'Shanks','Henderson','hshanks4q@timesonline.co.uk','+375 821 631 4480','04 Huxley Hill'),(178,'Quiney','Marieann','mquiney4r@bing.com','+86 953 887 5805','1410 Hallows Avenue'),(179,'Beddingham','Damita','dbeddingham4s@nasa.gov','+86 382 250 0724','6008 Mitchell Court'),(180,'Blackadder','Anna-maria','ablackadder4t@examiner.com','+63 346 637 6198','33384 Susan Road'),(181,'Woodwin','Biron','bwoodwin4u@com.com','+380 181 918 8334','0836 Dexter Road'),(182,'Barling','Brewer','bbarling4v@samsung.com','+212 265 741 8256','36772 Surrey Street'),(183,'Fiddler','Bengt','bfiddler4w@dropbox.com','+355 494 917 3413','78 Oakridge Alley'),(184,'Lochet','Tabbie','tlochet4x@examiner.com','+86 886 299 8549','29412 Spenser Park'),(185,'Mew','Hedvige','hmew4y@soup.io','+86 819 702 9818','1 Sutherland Circle'),(186,'Morpeth','Evangelin','emorpeth4z@microsoft.com','+353 368 993 1972','68171 Hoard Lane'),(187,'Greyes','Torrance','tgreyes50@chron.com','+86 750 792 1329','10731 Miller Court'),(188,'Lebond','Hamilton','hlebond51@symantec.com','+63 927 502 8870','500 Coolidge Court'),(189,'Nicholson','Lauree','lnicholson52@intel.com','',''),(190,'Gladdis','Barbara','bgladdis53@biblegateway.com','+54 890 406 3256','00 Tony Lane'),(191,'Acosta','Bentley','bacosta54@sun.com','',''),(192,'Botting','Bertie','bbotting55@clickbank.net','+62 733 370 8153','3861 Namekagon Drive'),(193,'Cotman','Alejandro','acotman56@pagesperso-orange.fr','+62 950 466 4677','168 Comanche Circle'),(194,'Purches','Melisent','mpurches57@nytimes.com','+86 305 385 1039','99455 Mesta Crossing'),(195,'Heinzler','Celle','cheinzler58@apache.org','+86 766 632 6560','35 Ludington Terrace'),(196,'Houlston','Jenelle','jhoulston59@scientificamerican.com','+86 647 439 7893','0 Logan Road'),(197,'Sibery','Alvera','asibery5a@google.com.hk','+31 363 394 3462','271 Valley Edge Point'),(198,'Tamas','Felic','ftamas5b@soundcloud.com','+55 460 577 3053','382 Dakota Lane'),(199,'Elkin','Birdie','belkin5c@arizona.edu','+1 237 417 0767','2 Hollow Ridge Hill'),(200,'Stodd','Reynold','rstodd5d@flickr.com','+7 210 957 8452','54828 Ludington Hill'),(201,'Gullivent','Pavlov','pgullivent5e@xinhuanet.com','+86 634 964 8789','890 High Crossing Lane'),(202,'Todarini','Brandise','btodarini5f@uol.com.br','+86 249 588 1909','348 Haas Drive'),(203,'Tillot','Goddard','gtillot5g@mit.edu','+48 679 403 8608','5 Sutteridge Alley'),(204,'Gummory','Dalis','dgummory5h@symantec.com','+66 702 219 1034','86107 Northport Avenue'),(205,'Silver','Deny','dsilver5i@shinystat.com','+63 744 775 3217','8121 Continental Court'),(206,'Kolinsky','Jacinta','jkolinsky5j@ebay.co.uk','+51 874 394 7861','890 Golf Center'),(207,'Ferre','Kaylil','kferre5k@prnewswire.com','+234 308 275 0254','4804 Trailsway Point'),(208,'Laidel','Lonnie','llaidel5l@so-net.ne.jp','+994 699 115 9089','12 Pierstorff Way'),(209,'Goves','Estele','egoves5m@fotki.com','+7 674 618 9081','0 Portage Drive'),(210,'Zelley','Ramonda','rzelley5n@slate.com','+7 883 142 4284','19 Debra Lane'),(211,'Menloe','Grant','gmenloe5o@hexun.com','+374 613 667 0239','347 Alpine Drive'),(212,'Naisbitt','Lorain','lnaisbitt5p@histats.com','+7 575 360 8361','3965 Mcbride Circle'),(213,'Kinson','Ashley','akinson5q@mail.ru','+86 742 242 0418','906 Carpenter Plaza'),(214,'Cajkler','Gustavo','gcajkler5r@slideshare.net','+269 607 735 5545','47 Claremont Junction'),(215,'Du Hamel','Worthy','wduhamel5s@ca.gov','+1 329 359 1356','0 Union Drive'),(216,'Birtchnell','Nobie','nbirtchnell5t@sfgate.com','+49 199 380 9343','6868 Clarendon Point'),(217,'Daulton','Orren','odaulton5u@ucoz.ru','+86 496 331 3738','9492 Tennyson Hill'),(218,'Veighey','Emilia','eveighey5v@sciencedaily.com','+351 144 752 4469','538 Prairieview Terrace'),(219,'Persitt','Grazia','gpersitt5w@dmoz.org','+86 860 285 0666','6 Milwaukee Terrace'),(220,'McClancy','Lief','lmcclancy5x@walmart.com','+260 135 553 9146','3 Dwight Crossing'),(221,'Wise','Pete','pwise5y@mediafire.com','+62 543 905 4896','2405 Miller Park'),(222,'McGuinley','Rosalinda','rmcguinley5z@freewebs.com','+48 548 400 7250','18 Karstens Pass'),(223,'McNickle','Isidora','imcnickle60@shutterfly.com','+62 876 346 6813','046 Waxwing Pass'),(224,'Klementz','Barret','bklementz61@prnewswire.com','+33 443 708 3171','7700 Armistice Way'),(225,'McElree','Mark','mmcelree62@jigsy.com','+52 312 679 5139','4 Briar Crest Avenue'),(226,'Gowan','Sonni','sgowan63@uiuc.edu','+7 834 383 0277','4 Hintze Terrace'),(227,'Swatten','Justino','jswatten64@samsung.com','+1 612 606 1875','47792 Lake View Trail'),(228,'Sheffield','Joane','jsheffield65@ftc.gov','+86 622 464 7535','84 Mariners Cove Circle'),(229,'Wheatley','Blayne','bwheatley66@slate.com','+48 980 656 9012','5 Division Alley'),(230,'Lunge','Windy','wlunge67@cdbaby.com','+86 144 284 3193','22 Porter Park'),(231,'Gosker','Rodge','rgosker68@google.co.jp','+351 649 208 1906','8202 Browning Road'),(232,'Carleton','Shermie','scarleton69@cargocollective.com','+30 170 207 7396','3074 Sugar Street'),(233,'Vossing','Carol-jean','cvossing6a@wikimedia.org','+86 256 838 5165','399 Dapin Parkway'),(234,'Romer','Christabella','cromer6b@surveymonkey.com','+970 396 442 4090','6281 Cherokee Lane'),(235,'Pauly','Page','ppauly6c@about.com','+47 806 760 7765','478 Waywood Parkway'),(236,'Maykin','Belita','bmaykin6d@ustream.tv','+46 627 710 9389','4759 Starling Terrace'),(237,'Strang','Romola','rstrang6e@desdev.cn','+86 107 690 5157','9829 Stephen Parkway'),(238,'Dunkerley','Junette','jdunkerley6f@bizjournals.com','+94 403 357 7104','11651 Summit Point'),(239,'Drinkwater','Becka','bdrinkwater6g@netscape.com','+86 852 240 3254','58988 Russell Street'),(240,'Fairhurst','Hebert','hfairhurst6h@ftc.gov','+230 434 377 5955','7 Warbler Hill'),(241,'Brace','Jobina','jbrace6i@unc.edu','+84 257 237 0579','1 New Castle Terrace'),(242,'Ramalho','Hal','hramalho6j@japanpost.jp','+34 526 298 3548','25 David Park'),(243,'Tarn','Lucina','ltarn6k@senate.gov','+62 699 953 2727','9 Eastwood Street'),(244,'Shitliffe','Augustine','ashitliffe6l@ibm.com','+47 430 288 0027','810 Farwell Way'),(245,'Bartolomeu','Amara','abartolomeu6m@last.fm','+30 107 469 8363','5680 Scofield Parkway'),(246,'Hattam','Pepe','phattam6n@springer.com','+33 380 393 0120','41 International Crossing'),(247,'Thurman','Birk','bthurman6o@w3.org','+62 370 257 8716','82 Sunfield Avenue'),(248,'Meyer','Carr','cmeyer6p@topsy.com','+48 803 344 3787','2 Straubel Circle'),(249,'Darwent','Salomon','sdarwent6q@ifeng.com','+221 531 913 2238','9 Helena Court'),(250,'Vigours','Derry','dvigours6r@ed.gov','+86 686 768 2602','1 Messerschmidt Trail'),(251,'Elsop','Lenora','lelsop6s@parallels.com','+92 878 183 1810','6 Harbort Way'),(252,'Skeermor','Waylen','wskeermor6t@fema.gov','+212 727 407 1839','60076 Brickson Park Junction'),(253,'Outridge','Eadith','eoutridge6u@instagram.com','+46 365 486 5078','4671 Warbler Plaza'),(254,'Toms','Laurent','ltoms6v@comcast.net','+7 990 630 7889','7 Sauthoff Point'),(255,'Lambourne','Alic','alambourne6w@yellowpages.com','+46 920 373 9903','75130 Arrowood Point'),(256,'Gerwood','Hallsy','hgerwood6x@lycos.com','+62 624 980 5076','21 Acker Drive'),(257,'O\'Dogherty','Giovanna','godogherty6y@squidoo.com','+62 392 822 9975','1 Fisk Terrace'),(258,'BoHlingolsen','Pandora','pbohlingolsen6z@blogs.com','+63 884 695 1165','5 Blackbird Place'),(259,'Guerrero','Phelia','pguerrero70@woothemes.com','+353 874 235 7752','5002 Fulton Parkway'),(260,'Kilroy','Weston','wkilroy71@tmall.com','',''),(261,'Lippett','Mozelle','mlippett72@usnews.com','+54 120 547 2032','1 Transport Plaza'),(262,'Dearnly','Woodman','wdearnly73@51.la','+590 957 464 3159','9 Clove Alley'),(263,'D\'Orsay','Pippa','pdorsay74@ftc.gov','+55 895 380 4911','694 Northport Trail'),(264,'Brantl','Tommy','tbrantl75@wordpress.org','+86 434 825 7086','5477 Hallows Junction'),(265,'Chaudhry','Helen','hchaudhry76@bing.com','+55 528 289 4021','3897 Express Court'),(266,'Skydall','Quincey','qskydall77@buzzfeed.com','+86 771 233 4871','314 Sugar Parkway'),(267,'Brouard','Mallissa','mbrouard78@dyndns.org','+81 699 944 0292','864 Moose Center'),(268,'Solley','Sandy','ssolley79@pinterest.com','+33 154 581 2027','89 Elmside Terrace'),(269,'Girault','Perkin','pgirault7a@barnesandnoble.com','+34 163 645 4721','9953 8th Plaza'),(270,'McIllroy','Mela','mmcillroy7b@youtube.com','+212 832 400 1816','4064 Cascade Center'),(271,'Sterling','Vi','vsterling7c@spotify.com','+46 401 210 5465','3086 Katie Trail'),(272,'Juckes','Shoshana','sjuckes7d@cpanel.net','+52 665 957 4958','79 Everett Crossing'),(273,'Bidnall','Neill','nbidnall7e@nyu.edu','+62 710 126 8638','0 Havey Place'),(274,'Brodeau','Dulciana','dbrodeau7f@japanpost.jp','+86 329 620 9850','26343 Oxford Terrace'),(275,'Philipp','Bernarr','bphilipp7g@booking.com','+66 259 225 8458','366 Towne Alley'),(276,'Swaddle','Bethena','bswaddle7h@storify.com','+86 665 458 4621','5517 Parkside Junction'),(277,'Emery','Drugi','demery7i@youtube.com','+86 138 741 5636','85224 Anderson Alley'),(278,'Bushaway','Sheela','sbushaway7j@gmpg.org','+63 972 283 3354','82 Atwood Pass'),(279,'Benitti','Lin','lbenitti7k@pcworld.com','+62 902 746 7955','763 Columbus Junction'),(280,'Dobsons','Charlena','cdobsons7l@mayoclinic.com','+351 868 912 4970','93 Lukken Junction'),(281,'Humphries','Cesar','chumphries7m@omniture.com','+351 254 512 7664','7 John Wall Junction'),(282,'Prewett','Tabbie','tprewett7n@hatena.ne.jp','',''),(283,'Crutcher','Inez','icrutcher7o@hao123.com','+33 848 340 2771','042 Southridge Avenue'),(284,'Fauguel','Layton','lfauguel7p@paypal.com','+54 950 501 8062','863 Ridgeview Alley'),(285,'Newens','Charley','cnewens7q@reddit.com','+93 413 727 6913','9 John Wall Pass'),(286,'Skerritt','Bil','bskerritt7r@fastcompany.com','+46 292 618 3795','6219 Del Sol Hill'),(287,'Fennick','Bret','bfennick7s@nature.com','+502 434 245 7167','496 Division Point'),(288,'Drewe','Talbert','tdrewe7t@hubpages.com','+33 433 921 3221','3 Chive Trail'),(289,'Zeale','Sheba','szeale7u@china.com.cn','+380 251 332 4833','147 Rowland Road'),(290,'Huggard','Riordan','rhuggard7v@wiley.com','+254 497 878 3093','04 Fieldstone Hill'),(291,'Girod','Abrahan','agirod7w@wikimedia.org','+62 983 674 8426','7325 Florence Point'),(292,'Rasper','Dion','drasper7x@storify.com','+7 374 836 6305','2040 Boyd Alley'),(293,'Rannigan','Kevina','krannigan7y@google.es','+31 257 798 7059','178 Gerald Park'),(294,'Maunton','Waldo','wmaunton7z@amazon.co.jp','+62 726 361 4023','99746 5th Point'),(295,'Slograve','Ermin','eslograve80@sohu.com','+420 190 958 6495','4 Summit Way'),(296,'Vines','Nahum','nvines81@economist.com','+380 295 951 7541','89 Sachtjen Point'),(297,'Buffery','Gill','gbuffery82@msn.com','+970 112 512 0949','01198 Scofield Alley'),(298,'Wolpert','Alric','awolpert83@behance.net','+46 698 430 2172','546 Columbus Crossing'),(299,'Drinkel','Glenna','gdrinkel84@cornell.edu','+7 386 567 8944','94 Quincy Parkway'),(300,'Trewman','Martina','mtrewman85@sun.com','+353 170 160 9799','5 Barnett Place'),(301,'Caban','Ame','acaban86@cbsnews.com','+7 288 378 6477','4 Northland Hill'),(302,'Ferby','Aubrey','aferby87@ifeng.com','',''),(303,'Huccaby','Ryann','rhuccaby88@live.com','+30 325 463 5840','889 Dunning Point'),(304,'Alexandrou','Christabella','calexandrou89@tripod.com','',''),(305,'Loosley','Nero','nloosley8a@disqus.com','+381 414 856 4934','7 Mifflin Point'),(306,'Lorinez','Jordon','jlorinez8b@google.de','',''),(307,'Fake','Dev','dfake8c@sitemeter.com','+46 582 660 9686','26505 Longview Road'),(308,'Sidney','Brit','bsidney8d@pcworld.com','',''),(309,'O\' Loughran','Demetris','doloughran8e@pagesperso-orange.fr','+86 335 905 2934','0441 Menomonie Parkway'),(310,'Clowney','Yves','yclowney8f@flavors.me','+62 546 922 5209','8 Roth Court'),(311,'Huonic','Rochette','rhuonic8g@flavors.me','+7 848 709 9713','4740 Larry Parkway'),(312,'Eplate','Manda','meplate8h@netscape.com','+30 400 431 8353','15 Vera Crossing'),(313,'Morgan','Marlin','mmorgan8i@ustream.tv','+86 842 380 1412','29 Division Avenue'),(314,'Meiklejohn','Massimo','mmeiklejohn8j@theguardian.com','+81 221 155 9037','8 Mendota Parkway'),(315,'Murrells','Winifred','wmurrells8k@discuz.net','+86 171 917 2268','91 East Court'),(316,'Ives','Shaylynn','sives8l@cyberchimps.com','+1 437 275 6407','753 Dahle Street'),(317,'Lodo','Kim','klodo8m@list-manage.com','+503 705 116 9273','2003 Jenifer Hill'),(318,'Kobus','Riki','rkobus8n@ow.ly','+66 676 534 1276','552 Rigney Road'),(319,'Mottinelli','Hall','hmottinelli8o@lulu.com','+267 522 682 0829','0 Jana Parkway'),(320,'Seymour','Ardelis','aseymour8p@is.gd','+48 119 939 5175','48 Thierer Way'),(321,'Iacovacci','Zorah','ziacovacci8q@studiopress.com','+7 590 578 0247','65 Mandrake Road'),(322,'Crane','Sylvan','scrane8r@slashdot.org','+57 995 692 1111','98 Darwin Park'),(323,'Udy','Brannon','budy8s@cargocollective.com','+351 944 532 7105','0 Coolidge Hill'),(324,'Bateman','Krysta','kbateman8t@indiatimes.com','+86 656 751 1841','28 Waxwing Terrace'),(325,'Edginton','Mina','medginton8u@utexas.edu','+7 855 240 2814','7 Cody Parkway'),(326,'Reyner','Beatrix','breyner8v@studiopress.com','+33 512 456 2564','0 Rieder Junction'),(327,'Chastey','Adel','achastey8w@istockphoto.com','+86 195 819 1959','389 Dawn Alley'),(328,'Kynton','Olivero','okynton8x@unicef.org','+62 847 978 1404','41712 Harper Terrace'),(329,'Yakovliv','Wald','wyakovliv8y@netscape.com','+689 285 481 7526','74673 Hoepker Lane'),(330,'Bothwell','Giacobo','gbothwell8z@a8.net','+30 962 929 6007','211 Magdeline Lane'),(331,'Lusty','Lionello','llusty90@ocn.ne.jp','+46 621 514 4366','193 Upham Alley'),(332,'Prewett','Paola','pprewett91@ask.com','',''),(333,'McParland','Blancha','bmcparland92@indiegogo.com','+387 184 908 1815','1 Lien Crossing'),(334,'Sinyard','Galina','gsinyard93@msu.edu','+964 480 315 4902','10 Eastwood Avenue'),(335,'Badwick','Allie','abadwick94@java.com','+7 586 600 0434','3 David Alley'),(336,'Iannazzi','Maurise','miannazzi95@toplist.cz','+52 546 339 2442','6339 Esker Court'),(337,'Bricknall','Toby','tbricknall96@goodreads.com','+351 562 752 8262','36557 Fairview Hill'),(338,'Searle','Heinrik','hsearle97@admin.ch','+86 160 975 6597','75046 International Drive'),(339,'Hischke','Alano','ahischke98@wikispaces.com','+63 191 564 6855','62549 Del Sol Center'),(340,'Landall','Tomasina','tlandall99@goo.gl','+86 279 368 8467','56 Waxwing Terrace'),(341,'Poveleye','Lucinda','lpoveleye9a@netvibes.com','+81 633 938 9054','6 Manufacturers Road'),(342,'Alcido','Dell','dalcido9b@techcrunch.com','+1 915 373 0502','09302 Bellgrove Way'),(343,'Dowson','Fidole','fdowson9c@cyberchimps.com','+86 496 656 0573','64 Monterey Park'),(344,'Truran','Radcliffe','rtruran9d@elpais.com','+380 599 963 9775','53921 Grasskamp Plaza'),(345,'Peirce','Reynolds','rpeirce9e@guardian.co.uk','+62 633 748 0606','10 Gateway Park'),(346,'Jiggle','Hatty','hjiggle9f@ifeng.com','+993 183 776 9963','3 Moulton Alley'),(347,'Dalloway','Aggie','adalloway9g@timesonline.co.uk','',''),(348,'Lampart','Sadella','slampart9h@dropbox.com','+86 249 858 6761','6 Springs Road'),(349,'Champ','Dulsea','dchamp9i@goo.ne.jp','',''),(350,'Hallowes','Ebonee','ehallowes9j@aboutads.info','+351 474 908 0752','8320 Beilfuss Way'),(351,'O\'Clery','Boot','boclery9k@chron.com','+55 884 476 4580','65 Lunder Alley'),(352,'Hazeldine','Minny','mhazeldine9l@deviantart.com','+84 503 511 8776','5915 Canary Road'),(353,'Masseo','Chadwick','cmasseo9m@livejournal.com','+370 741 321 0859','5050 Fallview Alley'),(354,'Swynfen','Rosa','rswynfen9n@google.fr','+33 371 694 7769','3 Maywood Alley'),(355,'Macek','Johnath','jmacek9o@unesco.org','+63 777 212 9455','57 Nevada Lane'),(356,'Staresmeare','Dolorita','dstaresmeare9p@tmall.com','+420 931 821 7206','1484 New Castle Park'),(357,'Munro','Bjorn','bmunro9q@360.cn','+62 135 806 3953','89468 Ronald Regan Drive'),(358,'Donoghue','Opaline','odonoghue9r@free.fr','+62 646 279 1185','2567 3rd Point'),(359,'Kubasiewicz','Tiebout','tkubasiewicz9s@symantec.com','+63 883 763 9707','3588 Eagan Parkway'),(360,'Gornal','Dougie','dgornal9t@nifty.com','+62 996 511 3002','10 Waubesa Hill'),(361,'Gyngell','Brod','bgyngell9u@fema.gov','+55 382 450 4855','86184 Bunting Parkway'),(362,'Wildman','Bettine','bwildman9v@nyu.edu','+62 657 508 6683','604 Maryland Avenue'),(363,'Sorrill','Gayler','gsorrill9w@engadget.com','+86 341 440 3615','969 Goodland Way'),(364,'Chidgey','Ede','echidgey9x@upenn.edu','+30 909 218 4502','5 Acker Junction'),(365,'Lakenden','Jamie','jlakenden9y@vinaora.com','+375 368 718 5107','217 Dahle Trail'),(366,'Iannitti','Cam','ciannitti9z@ovh.net','+351 213 378 6421','389 Burrows Way'),(367,'Mansion','Reinaldo','rmansiona0@si.edu','+33 122 513 7135','464 1st Way'),(368,'Gurry','Ramonda','rgurrya1@feedburner.com','+1 936 119 2070','1 Mcbride Junction'),(369,'Ayre','Ansel','aayrea2@creativecommons.org','+86 770 298 1778','0 Merchant Center'),(370,'Bauser','Ezmeralda','ebausera3@patch.com','+55 351 802 1784','8 Walton Place'),(371,'Stubbs','Marijo','mstubbsa4@webnode.com','+86 970 319 5231','74174 Sachtjen Drive'),(372,'Petegre','Shawna','spetegrea5@princeton.edu','+7 984 187 8920','58474 Havey Avenue'),(373,'Cuberley','Basile','bcuberleya6@list-manage.com','+256 447 354 2746','79210 Blackbird Plaza'),(374,'Gerasch','Lanette','lgerascha7@miibeian.gov.cn','+86 512 264 6470','8 Comanche Place'),(375,'Brogioni','Ashely','abrogionia8@yellowpages.com','+20 790 651 8036','1082 Mitchell Street'),(376,'Abrahamsen','Rea','rabrahamsena9@prweb.com','+63 905 915 0411','5 Oak Valley Trail'),(377,'Figura','Darsey','dfiguraaa@360.cn','+1 925 657 6017','91 Michigan Park'),(378,'Cicchitello','Ola','ocicchitelloab@taobao.com','+351 494 310 8407','197 Carberry Park'),(379,'Vannah','Karoly','kvannahac@unicef.org','+63 776 637 0331','23378 Hintze Place'),(380,'Krelle','Skipton','skrellead@chronoengine.com','+387 263 736 6880','591 Sherman Way'),(381,'Carpmile','Evey','ecarpmileae@marketwatch.com','+225 855 412 6451','46606 Hintze Court'),(382,'Egle of Germany','Rickie','regleofgermanyaf@slideshare.net','',''),(383,'Sawnwy','Leonora','lsawnwyag@google.es','+46 230 395 0699','50 Sunbrook Center'),(384,'Pearman','Ranna','rpearmanah@paypal.com','+51 867 169 3841','3 Ridgeway Avenue'),(385,'Jordison','Law','ljordisonai@delicious.com','+33 514 714 3775','8900 Manitowish Drive'),(386,'Rutter','Perri','prutteraj@ihg.com','+48 697 419 9080','17 Magdeline Circle'),(387,'Fairweather','Coral','cfairweatherak@amazon.de','+55 121 147 2627','2 Maryland Place'),(388,'Rossey','Bren','brosseyal@phoca.cz','',''),(389,'Shinfield','Blondelle','bshinfieldam@tinyurl.com','+48 881 332 8551','731 Waubesa Road'),(390,'Daulby','Noni','ndaulbyan@t-online.de','+62 368 590 2592','4 Summerview Trail'),(391,'Adamsky','Kari','kadamskyao@tripadvisor.com','+86 571 794 6641','8330 Iowa Junction'),(392,'Horrod','Gunther','ghorrodap@archive.org','+880 523 184 2324','268 Park Meadow Hill'),(393,'Giovanni','Barty','bgiovanniaq@bravesites.com','+235 167 867 4660','61 Anthes Trail'),(394,'Simmonds','Robbi','rsimmondsar@hostgator.com','+93 814 823 6657','439 Colorado Lane'),(395,'Sebire','Kendall','ksebireas@tuttocitta.it','+850 687 860 5935','523 Summerview Hill'),(396,'Larwood','Roderick','rlarwoodat@google.com','+55 919 410 1729','7268 Crownhardt Drive'),(397,'Krause','Brigit','bkrauseau@tripadvisor.com','+256 819 603 0821','64 Mitchell Crossing'),(398,'Roden','Karl','krodenav@uol.com.br','+351 524 109 5619','95152 1st Lane'),(399,'Setterfield','Tracey','tsetterfieldaw@opera.com','+998 347 435 7867','97 Stoughton Hill'),(400,'Howsden','Herbie','hhowsdenax@slate.com','+62 275 172 1089','646 Tony Plaza'),(401,'Masters','Farr','fmastersay@chicagotribune.com','+62 979 896 2519','6984 Carioca Road'),(402,'Browett','Nathanial','nbrowettaz@guardian.co.uk','+850 257 261 6476','95 Buell Place'),(403,'Lemin','Hendrick','hleminb0@eepurl.com','+1 419 100 1269','059 Loeprich Road'),(404,'O\'Crevan','Cathrin','cocrevanb1@stumbleupon.com','+86 394 351 8472','072 Bayside Circle'),(405,'Thorowgood','Dalis','dthorowgoodb2@studiopress.com','+62 230 842 4417','68081 Colorado Way'),(406,'Bowditch','Andree','abowditchb3@theglobeandmail.com','+233 345 937 4914','50 Stoughton Drive'),(407,'Dennett','Louella','ldennettb4@marketwatch.com','+380 545 435 9507','81 Steensland Parkway'),(408,'O\'Cahey','Brooks','bocaheyb5@sfgate.com','+55 260 858 7523','2204 Fordem Point'),(409,'Choppin','Perkin','pchoppinb6@weebly.com','+964 897 541 1374','09778 Northridge Parkway'),(410,'Wallsam','Jobie','jwallsamb7@soundcloud.com','+62 710 955 4511','44 Muir Plaza'),(411,'Measor','Gillian','gmeasorb8@tamu.edu','+966 894 846 6421','8 Waubesa Avenue'),(412,'Epton','Annnora','aeptonb9@skyrock.com','+57 743 442 7238','47349 Maple Parkway'),(413,'Tripet','Warren','wtripetba@tripod.com','+62 707 519 6358','79128 Pepper Wood Terrace'),(414,'Flasby','Ellis','eflasbybb@disqus.com','+62 445 406 1753','2 Reinke Junction'),(415,'Bumpass','Rhoda','rbumpassbc@adobe.com','+86 870 648 1476','6 Express Plaza'),(416,'Nerney','Lilith','lnerneybd@msu.edu','+1 407 812 2155','652 Melody Court'),(417,'Passman','Harriott','hpassmanbe@networkadvertising.org','+46 305 606 3442','8 Loftsgordon Trail'),(418,'Matteoli','Roberto','rmatteolibf@opera.com','+86 810 724 3275','2 North Way'),(419,'Scarborough','Lucretia','lscarboroughbg@digg.com','+51 950 703 5847','301 Crescent Oaks Circle'),(420,'Allberry','Georgeta','gallberrybh@so-net.ne.jp','+1 214 220 0429','328 Grasskamp Pass'),(421,'Silversmidt','Reed','rsilversmidtbi@altervista.org','+86 664 446 6538','4992 Londonderry Road'),(422,'Jone','Mathew','mjonebj@latimes.com','+48 791 369 8276','3071 Blackbird Junction'),(423,'Deneve','Marley','mdenevebk@globo.com','+86 465 405 4526','58126 Transport Road'),(424,'Bode','Luciana','lbodebl@taobao.com','+27 557 517 1103','82 Columbus Trail'),(425,'Mepham','Julie','jmephambm@fotki.com','+7 563 936 6922','92 Novick Drive'),(426,'Goodbairn','Kissiah','kgoodbairnbn@photobucket.com','+62 734 755 4785','6 Ridgeway Place'),(427,'Duiged','Ezechiel','eduigedbo@google.de','+27 831 507 7443','41 Eagle Crest Avenue'),(428,'Skade','Meryl','mskadebp@time.com','+86 664 274 2455','762 Springs Pass'),(429,'Giampietro','Nickey','ngiampietrobq@networkadvertising.org','+62 433 880 5321','5 Fallview Lane'),(430,'Dougan','Montague','mdouganbr@theglobeandmail.com','+86 387 189 9870','1 Chive Court'),(431,'Giovannelli','Derry','dgiovannellibs@mtv.com','+48 772 742 8144','2 Westridge Park'),(432,'Darbyshire','Esra','edarbyshirebt@chronoengine.com','+7 146 707 5065','78 Talmadge Center'),(433,'Benge','Temple','tbengebu@over-blog.com','+86 955 988 9924','0613 Thierer Place'),(434,'Eye','Scarlet','seyebv@youku.com','+351 707 230 5607','4181 Jana Place'),(435,'Chazelas','Lurette','lchazelasbw@go.com','+81 525 832 3858','86056 Clarendon Park'),(436,'Perri','Hartwell','hperribx@drupal.org','+98 139 370 8258','5242 Grim Alley'),(437,'Martinolli','Lazarus','lmartinolliby@si.edu','+7 204 718 2138','12 Summer Ridge Street'),(438,'Simenet','Curcio','csimenetbz@lycos.com','+212 387 138 8866','8964 Utah Point'),(439,'Pflieger','Jessie','jpfliegerc0@furl.net','+258 486 203 7715','893 Blackbird Place'),(440,'Clampin','Duane','dclampinc1@alibaba.com','+60 586 474 8182','7704 Nelson Court'),(441,'Rowlinson','Halie','hrowlinsonc2@chron.com','+7 558 967 8757','12 Forest Run Trail'),(442,'Luebbert','Dar','dluebbertc3@va.gov','+237 823 951 4989','726 7th Center'),(443,'Phizackerly','Tomkin','tphizackerlyc4@reddit.com','+7 391 185 9855','9 Kinsman Place'),(444,'Moxted','Odo','omoxtedc5@amazon.de','+86 557 839 0053','66704 Nancy Parkway'),(445,'Doelle','Britteny','bdoellec6@stumbleupon.com','+30 448 737 3205','5 Sheridan Trail'),(446,'Laughtisse','Roz','rlaughtissec7@barnesandnoble.com','+27 904 252 0139','93816 Anzinger Pass'),(447,'Chismon','Fin','fchismonc8@ask.com','+216 393 717 5592','9 Magdeline Center'),(448,'Merrigan','Dione','dmerriganc9@sogou.com','+62 401 571 8578','35668 Manufacturers Hill'),(449,'Tenant','Manda','mtenantca@accuweather.com','+7 523 745 7977','4711 Algoma Way'),(450,'Langmuir','Maggy','mlangmuircb@home.pl','+34 296 753 1839','45 Lyons Plaza'),(451,'Bryenton','Bern','bbryentoncc@deviantart.com','',''),(452,'Romei','Randene','rromeicd@vimeo.com','+1 770 759 1431','7752 Loeprich Hill'),(453,'Pesik','Kathryn','kpesikce@indiatimes.com','+963 757 105 7161','3173 Kennedy Crossing'),(454,'Baldick','Corby','cbaldickcf@buzzfeed.com','+48 809 734 1267','220 Southridge Avenue'),(455,'Crosston','Nonnah','ncrosstoncg@walmart.com','+62 181 714 4349','7128 Alpine Hill'),(456,'Teresi','Jodi','jteresich@bbb.org','+7 627 588 3034','958 Ilene Plaza'),(457,'Woliter','Maximo','mwoliterci@hud.gov','+972 137 876 7662','7385 Monument Center'),(458,'McHenry','Gayle','gmchenrycj@sourceforge.net','+420 180 154 7315','79639 Lotheville Terrace'),(459,'Cliff','Zola','zcliffck@parallels.com','+351 322 866 1702','06441 Bartelt Park'),(460,'Rayson','Winslow','wraysoncl@photobucket.com','+7 414 632 4720','00748 Village Green Hill'),(461,'McGonigle','Bambie','bmcgoniglecm@4shared.com','+63 476 105 0452','7330 Bartillon Street'),(462,'Wycliffe','Velma','vwycliffecn@home.pl','+86 895 712 0677','7142 Hintze Crossing'),(463,'Frape','Marcello','mfrapeco@howstuffworks.com','+30 844 530 5249','34166 Maple Lane'),(464,'Rosenblad','Juanita','jrosenbladcp@cdbaby.com','+380 448 797 0013','1 Stang Alley'),(465,'Thome','Buck','bthomecq@hostgator.com','+420 940 736 3249','9 Bonner Circle'),(466,'Frankham','Freddy','ffrankhamcr@google.co.jp','+47 680 861 9170','44 Golf Center'),(467,'Piotrkowski','Kippy','kpiotrkowskics@reference.com','+86 469 132 1645','0561 Hoard Court'),(468,'Gloucester','Cassi','cgloucesterct@hugedomains.com','+86 956 517 9074','4 Huxley Trail'),(469,'Rabson','Danyelle','drabsoncu@infoseek.co.jp','+62 442 478 3249','88 Menomonie Pass'),(470,'Dourin','Vanda','vdourincv@eventbrite.com','+86 188 745 0860','65415 Dahle Drive'),(471,'Karpinski','Marietta','mkarpinskicw@indiatimes.com','+86 503 424 8000','6 Service Street'),(472,'Dungay','Pebrook','pdungaycx@opensource.org','+51 548 744 5785','8850 Eagle Crest Parkway'),(473,'Maffioletti','Pammy','pmaffioletticy@edublogs.org','+351 744 793 8075','50 Montana Road'),(474,'Ebsworth','Chrystal','cebsworthcz@cbsnews.com','+86 109 528 5654','52861 Londonderry Park'),(475,'Liverseege','Prince','pliverseeged0@slate.com','+55 323 182 0945','0625 Anhalt Point'),(476,'Eagles','Billie','beaglesd1@goodreads.com','+507 978 987 7032','650 Browning Lane'),(477,'Wherry','Eleonora','ewherryd2@google.es','+420 197 539 0373','3306 Armistice Crossing'),(478,'Choules','Craggy','cchoulesd3@prnewswire.com','+970 449 989 9253','9921 Lerdahl Crossing'),(479,'Boynes','Kary','kboynesd4@ifeng.com','+55 504 521 5896','82063 Golf Way'),(480,'Lomansey','Cyndie','clomanseyd5@goodreads.com','',''),(481,'Meritt','Emlynne','emerittd6@youtu.be','',''),(482,'Del Dello','Nedda','ndeldellod7@theglobeandmail.com','+55 592 812 2475','38196 Dovetail Crossing'),(483,'Tandy','Bob','btandyd8@feedburner.com','+48 107 797 3114','4119 Lakeland Terrace'),(484,'Castilljo','Ode','ocastilljod9@last.fm','+86 128 428 4535','5268 Bluejay Lane'),(485,'Colnett','Katharina','kcolnettda@bloglines.com','+60 186 240 0257','1245 Crownhardt Center'),(486,'Zorener','Delmore','dzorenerdb@oracle.com','+62 219 259 3059','988 Hayes Trail'),(487,'Chaters','Jillian','jchatersdc@dagondesign.com','+62 410 820 4770','666 Cody Center'),(488,'McCambridge','Otho','omccambridgedd@nhs.uk','+86 804 944 4865','1115 Sage Junction'),(489,'Eberts','Witty','webertsde@dion.ne.jp','+62 676 681 1241','74 Calypso Road'),(490,'Harrold','Page','pharrolddf@globo.com','+46 935 431 5363','441 Namekagon Junction'),(491,'Herity','Kellen','kheritydg@squidoo.com','+237 977 481 0823','06 Meadow Ridge Road'),(492,'Spaunton','Cale','cspauntondh@cloudflare.com','+60 544 430 1319','2705 Banding Court'),(493,'Philson','Eunice','ephilsondi@issuu.com','+48 660 243 8625','3 Warbler Hill'),(494,'Jeskins','Leodora','ljeskinsdj@comsenz.com','+7 284 503 2069','67 Lake View Junction'),(495,'Lardeux','Randall','rlardeuxdk@usatoday.com','+351 661 120 5351','2 Melby Circle'),(496,'Boden','Micheal','mbodendl@icq.com','+380 970 219 6090','2 Cordelia Trail'),(497,'Bache','Ryley','rbachedm@surveymonkey.com','+86 635 558 2637','765 International Pass'),(498,'Domoni','Ilysa','idomonidn@aol.com','+48 883 911 4461','207 Maple Wood Crossing'),(499,'Innocent','Teodor','tinnocentdo@wikispaces.com','+509 338 734 0514','5 Paget Point'),(500,'Tindley','Holden','htindleydp@telegraph.co.uk','+33 187 231 1595','3429 Declaration Junction'),(501,'Ricardot','Hildagard','hricardotdq@indiegogo.com','+385 983 847 1723','3 Little Fleur Lane'),(502,'Zouch','Stormie','szouchdr@freewebs.com','+57 135 966 4725','130 Roxbury Court'),(503,'Bonwick','Deloria','dbonwickds@soup.io','+62 661 697 7443','14 Oak Valley Avenue'),(504,'Huggan','Kass','khuggandt@google.com.au','+1 775 786 5532','75403 Vermont Avenue'),(505,'Toulson','Cinda','ctoulsondu@businesswire.com','+86 457 747 9932','66967 Monica Court'),(506,'Rate','Olympe','oratedv@jiathis.com','+86 322 874 0363','2 7th Point'),(507,'Marriner','Symon','smarriner0@indiatimes.com','860-951-0141','5225 Arapahoe Drive'),(508,'Karolyi','Adrian','akarolyi1@nytimes.com','421-631-2737','3419 Sloan Lane'),(509,'Ratlee','Jeffry','jratlee2@arstechnica.com','981-983-8216','354 Maple Wood Way'),(510,'Beards','Sharona','sbeards3@example.com','519-696-7355','41 Caliangt Point'),(511,'Stayte','Glynis','gstayte4@fotki.com','332-585-2217','590 Donald Alley'),(512,'Roony','Jessa','jroony5@newyorker.com','847-868-1373','215 John Wall Place'),(513,'Geldart','Luke','lgeldart6@businessweek.com','723-583-1894','0 Old Gate Park'),(514,'Landman','Dulcine','dlandman7@eventbrite.com','189-799-4710','78 Bashford Avenue'),(515,'Milmore','Ado','amilmore8@yahoo.com','365-533-8965','60 Dexter Terrace'),(516,'Dallan','Addison','adallan9@reference.com','370-311-1498','21 Warner Avenue'),(517,'Streatley','Jozef','jstreatleya@e-recht24.de','714-146-9191','1 Lukken Lane'),(518,'Iacopetti','Lenee','liacopettib@umn.edu','446-447-4858','82492 Anderson Pass'),(519,'Bess','Jeremiah','jbessc@indiegogo.com','536-820-8618','808 Ilene Way'),(520,'Tombling','Dean','dtomblingd@wunderground.com','497-459-6685','7361 Kensington Crossing'),(521,'Glanville','Meredithe','mglanvillee@google.cn','683-498-2976','78 Grover Court'),(522,'Isakovic','Cornell','cisakovicf@dedecms.com','150-307-1354','34 Graedel Park'),(523,'Kiera','Ailina','akierag@mit.edu','719-811-1293','62152 Hintze Center'),(524,'Beards','Barthel','bbeardsh@nationalgeographic.com','945-218-7742','1198 Algoma Street'),(525,'Bewshaw','Melisa','mbewshawi@merriam-webster.com','917-570-9964','84 Forest Run Parkway'),(526,'Storrie','Mildrid','mstorriej@t-online.de','427-344-8606','0898 Sycamore Avenue'),(527,'Loveard','Rochella','rloveardk@yelp.com','620-118-3431','0 Pierstorff Alley'),(528,'Baughan','Anatollo','abaughanl@domainmarket.com','916-631-3804','8574 Oriole Plaza'),(529,'Raynard','Dannie','draynardm@xinhuanet.com','953-584-9238','6 Anhalt Alley'),(530,'Deville','Sander','sdevillen@github.io','390-482-9145','6 Mosinee Court'),(531,'Rushmare','Franny','frushmareo@csmonitor.com','452-640-3884','1378 Talmadge Plaza'),(532,'Minero','Eberto','eminerop@epa.gov','402-426-4222','33 Oriole Point'),(533,'Bilbey','Jamison','jbilbeyq@flavors.me','241-635-9941','29 Killdeer Alley'),(534,'Vaughan-Hughes','Roanna','rvaughanhughesr@myspace.com','925-724-2311','35879 Union Center'),(535,'O\'Hanley','Adams','aohanleys@devhub.com','310-910-0201','2 Kingsford Trail'),(536,'Jiggens','Fairfax','fjiggenst@tamu.edu','526-545-8033','2 Harbort Circle'),(537,'Lemmertz','Dewitt','dlemmertzu@sourceforge.net','218-289-1815','58446 Morningstar Center'),(538,'MacCostye','Merna','mmaccostyev@europa.eu','760-333-3390','3 Forest Junction'),(539,'Tetford','Jorgan','jtetfordw@china.com.cn','202-835-5742','25423 Atwood Center'),(540,'Buye','Caleb','cbuyex@themeforest.net','846-658-1055','51 Carpenter Alley'),(541,'MacGiany','Stefania','smacgianyy@gravatar.com','633-629-2153','09264 Leroy Junction'),(542,'Nelmes','Andreana','anelmesz@japanpost.jp','295-553-1286','5092 Dixon Lane'),(543,'Hamill','Ingelbert','ihamill10@bloomberg.com','877-271-9692','76211 Center Trail'),(544,'Burghall','Fay','fburghall11@wunderground.com','697-886-8757','7285 Lerdahl Avenue'),(545,'Moland','Alexandre','amoland12@hud.gov','757-255-6672','27004 Schlimgen Crossing'),(546,'Rusling','Marlene','mrusling13@loc.gov','650-296-7722','5 Corben Road'),(547,'Bramwich','Eustace','ebramwich14@ocn.ne.jp','677-134-4909','30 Birchwood Plaza'),(548,'Bucktharp','Filmer','fbucktharp15@lycos.com','784-449-3992','237 Mallard Way'),(549,'Exall','Timothy','texall16@plala.or.jp','814-214-4598','3208 Maple Wood Plaza'),(550,'Enrigo','Duky','denrigo17@aol.com','274-558-2525','8237 Glacier Hill Court'),(551,'Firbank','Zitella','zfirbank18@mozilla.com','482-136-6659','30 Kensington Road'),(552,'Labat','Bridie','blabat19@pinterest.com','674-834-6383','1280 Pleasure Trail'),(553,'Pentercost','Cyb','cpentercost1a@ucsd.edu','354-590-2218','09 Claremont Park'),(554,'Jacobowits','Scarlett','sjacobowits1b@sourceforge.net','257-312-2304','40 Glendale Hill'),(555,'Adam','Monroe','madam1c@time.com','984-694-2135','13 High Crossing Point'),(556,'Townrow','Turner','ttownrow1d@miibeian.gov.cn','796-595-6555','335 Linden Street'),(557,'Coburn','Cirstoforo','ccoburn1e@dmoz.org','556-590-4957','429 Sycamore Terrace'),(558,'Pedlow','Anallise','apedlow1f@abc.net.au','100-599-6797','45392 Northwestern Pass'),(559,'Giorgi','Grazia','ggiorgi1g@mtv.com','391-928-5366','78 Comanche Park'),(560,'Yeudall','Sydel','syeudall1h@skype.com','739-156-2752','28780 Burrows Hill'),(561,'Mottram','Katharina','kmottram1i@gnu.org','980-282-4888','81788 Memorial Hill'),(562,'Boatwright','Lawrence','lboatwright1j@skype.com','592-144-2874','09 Bartillon Park'),(563,'Gadman','Clem','cgadman1k@soup.io','459-290-6276','000 Moland Court'),(564,'Angerstein','Elbert','eangerstein1l@behance.net','528-832-0599','11515 Kipling Lane'),(565,'Chinnock','Letitia','lchinnock1m@tiny.cc','511-881-1077','8550 Mcguire Trail'),(566,'Kissack','Henri','hkissack1n@odnoklassniki.ru','744-401-9832','813 Esch Plaza'),(567,'Sherrington','Goddard','gsherrington1o@behance.net','803-818-8234','1 Anderson Crossing'),(568,'Pautard','Modesta','mpautard1p@reddit.com','463-327-7448','7319 Derek Avenue'),(569,'Gaymar','Bert','bgaymar1q@narod.ru','182-238-8573','91 Hudson Point'),(570,'Luckman','Selig','sluckman1r@dyndns.org','421-667-1276','419 Sunfield Trail'),(571,'Danson','Audie','adanson1s@stumbleupon.com','523-519-4213','62 6th Road'),(572,'Goublier','Cedric','cgoublier1t@oracle.com','971-199-2904','488 Northland Plaza'),(573,'Keasley','Archibold','akeasley1u@digg.com','486-988-8049','4790 Myrtle Parkway'),(574,'Phinn','Penn','pphinn1v@wordpress.org','319-985-0403','54 Helena Place'),(575,'Shackleton','Donna','dshackleton1w@edublogs.org','784-407-8021','822 Cody Drive'),(576,'Fish','Vera','vfish1x@arizona.edu','933-587-6081','09391 Cambridge Alley'),(577,'Sebring','Sallee','ssebring1y@bigcartel.com','820-801-3071','7418 Center Terrace'),(578,'Whitney','Levin','lwhitney1z@nasa.gov','427-895-0433','0319 Forster Parkway'),(579,'McGraffin','Fergus','fmcgraffin20@xinhuanet.com','390-819-6393','53883 Burrows Center'),(580,'Beeswing','Garald','gbeeswing21@i2i.jp','817-100-3933','702 La Follette Place'),(581,'Akrigg','Sheilakathryn','sakrigg22@google.com','976-707-9791','71 Bowman Terrace'),(582,'Newbegin','Paddie','pnewbegin23@trellian.com','649-532-5760','23164 Tennessee Point'),(583,'Brookhouse','Fletch','fbrookhouse24@photobucket.com','348-933-3513','1 Thompson Drive'),(584,'Hutchison','Shanie','shutchison25@omniture.com','413-137-0404','1228 Menomonie Point'),(585,'Enoksson','Vinita','venoksson26@quantcast.com','619-967-7902','349 New Castle Road'),(586,'Moran','Jaquenette','jmoran27@elpais.com','960-914-1657','83 Rockefeller Junction'),(587,'Drawmer','Rosella','rdrawmer28@arstechnica.com','642-159-5219','03 Heath Avenue'),(588,'Seccombe','Archambault','aseccombe29@vinaora.com','715-535-9891','285 Fair Oaks Place'),(589,'Mountstephen','Dorotea','dmountstephen2a@domainmarket.com','418-175-8691','438 Schmedeman Street'),(590,'Rubin','Carree','crubin2b@example.com','440-154-5584','2464 Harbort Point'),(591,'Loades','Arlene','aloades2c@storify.com','476-204-9069','2552 Helena Place'),(592,'Ouldred','Lorrie','louldred2d@un.org','171-740-4950','9150 Thompson Point'),(593,'Beeby','Orlando','obeeby2e@springer.com','886-654-6538','927 Rockefeller Terrace'),(594,'Dallison','Garwood','gdallison2f@livejournal.com','569-302-5128','592 Lake View Parkway'),(595,'Arnaudi','Drusy','darnaudi2g@cbsnews.com','841-407-5498','3193 Emmet Alley'),(596,'Keogh','Bethina','bkeogh2h@un.org','727-533-4711','58787 Upham Drive'),(597,'Cadwell','Corri','ccadwell2i@flickr.com','648-655-1784','75197 Prairieview Park'),(598,'MacCartair','Nessy','nmaccartair2j@facebook.com','756-521-7050','37 Redwing Hill'),(599,'Lydiatt','Alisun','alydiatt2k@godaddy.com','459-956-2987','3 Burrows Circle'),(600,'Skotcher','Cecil','cskotcher2l@godaddy.com','451-196-3803','9173 Duke Parkway'),(601,'Stringfellow','Guendolen','gstringfellow2m@hc360.com','482-557-7146','39193 Mendota Street'),(602,'Alker','Gasparo','galker2n@timesonline.co.uk','263-584-2204','47 American Court'),(603,'Garrood','Rosana','rgarrood2o@quantcast.com','802-807-8555','267 Londonderry Avenue'),(604,'Ace','Patience','pace2p@msu.edu','631-741-4419','5903 Barnett Parkway'),(605,'Outerbridge','Joelynn','jouterbridge2q@nba.com','800-948-3738','51785 Kings Park'),(606,'Holt','Ora','oholt2r@1und1.de','345-751-8151','31776 Southridge Park'),(607,'Taylorson','Robinet','rtaylorson2s@nydailynews.com','719-126-0345','973 Service Place'),(608,'Pollok','Jakie','jpollok2t@ted.com','865-865-2079','29 Briar Crest Drive'),(609,'Spraging','Ruthi','rspraging2u@imageshack.us','952-710-4065','27 Vera Drive'),(610,'Wincott','Gabby','gwincott2v@hexun.com','492-747-4331','2328 East Avenue'),(611,'Northcote','Husain','hnorthcote2w@fda.gov','420-254-2959','19 Maryland Avenue'),(612,'Cleveley','Hamil','hcleveley2x@feedburner.com','734-141-9747','2 Hallows Parkway'),(613,'Shreve','Pavlov','pshreve2y@networkadvertising.org','311-643-0910','72 Dakota Center'),(614,'Leman','Ephrem','eleman2z@un.org','171-405-7117','4144 Magdeline Trail'),(615,'Dahlborg','Pippo','pdahlborg30@blogtalkradio.com','476-196-6252','97 Luster Place'),(616,'Peploe','Antonietta','apeploe31@live.com','360-236-8101','10272 Declaration Center'),(617,'Wind','Dotti','dwind32@guardian.co.uk','300-842-8617','21 Warner Way'),(618,'Lante','Hans','hlante33@examiner.com','795-311-4938','89073 Rowland Center'),(619,'Killeley','Gui','gkilleley34@youtube.com','362-873-5240','81 Crowley Lane'),(620,'Clooney','Ban','bclooney35@ucsd.edu','633-547-3237','5470 Ridgeview Pass'),(621,'Laidel','Guenna','glaidel36@newyorker.com','261-235-4059','36540 Gulseth Trail'),(622,'McGorley','Thom','tmcgorley37@themeforest.net','506-166-0837','4 Killdeer Terrace'),(623,'MacMakin','Claudette','cmacmakin38@theglobeandmail.com','714-537-2032','16641 Dunning Point'),(624,'Doree','Shamus','sdoree39@about.me','537-230-7494','07 Mifflin Lane'),(625,'Bleaden','Romeo','rbleaden3a@globo.com','429-494-1317','96664 Cordelia Hill'),(626,'Marrington','Tam','tmarrington3b@archive.org','948-193-8961','84668 Burning Wood Point'),(627,'Ledur','Bartholomeo','bledur3c@desdev.cn','907-116-8950','9 Gulseth Point'),(628,'Lockley','Emylee','elockley3d@msu.edu','235-700-9876','6122 Manley Pass'),(629,'Chorley','Tailor','tchorley3e@gizmodo.com','666-494-5305','41535 Harper Terrace'),(630,'Dugall','Susanetta','sdugall3f@vkontakte.ru','484-584-8285','15260 Raven Circle'),(631,'Choudhury','Maisie','mchoudhury3g@arizona.edu','639-274-8627','457 Prentice Pass'),(632,'Meekins','Pincas','pmeekins3h@globo.com','455-486-9564','84260 Kropf Court'),(633,'Carlan','Eachelle','ecarlan3i@newyorker.com','168-728-2033','667 Cambridge Circle'),(634,'Oseland','Emilee','eoseland3j@oakley.com','422-428-3690','1 Lindbergh Place'),(635,'Dallimare','Susi','sdallimare3k@narod.ru','942-526-9782','468 Algoma Crossing'),(636,'De Ferraris','Boone','bdeferraris3l@whitehouse.gov','581-309-9603','7647 Welch Alley'),(637,'Rex','Chase','crex3m@businesswire.com','405-590-5290','2 Ronald Regan Center'),(638,'McCarty','Valry','vmccarty3n@home.pl','208-597-0868','43985 Laurel Alley'),(639,'Wannop','Davon','dwannop3o@webmd.com','856-738-8790','2371 Mallory Point'),(640,'Pea','Olvan','opea3p@icio.us','346-677-5101','8 Cottonwood Way'),(641,'Heninghem','Dolley','dheninghem3q@guardian.co.uk','935-832-0696','6 Canary Place'),(642,'Navaro','Tanhya','tnavaro3r@plala.or.jp','610-533-4403','0 Eastlawn Hill'),(643,'Frean','Randie','rfrean3s@ifeng.com','218-176-4773','0 Lakeland Drive'),(644,'Longthorne','Llywellyn','llongthorne3t@weibo.com','793-784-3225','422 Forest Center'),(645,'Sherburn','Abrahan','asherburn3u@cdbaby.com','424-765-1658','329 Brown Hill'),(646,'Lampert','Joelie','jlampert3v@dmoz.org','152-795-2859','34 Forest Dale Parkway'),(647,'Gladman','Davidde','dgladman3w@wordpress.org','374-994-9696','45 Ohio Alley'),(648,'Pasticznyk','Miguelita','mpasticznyk3x@washingtonpost.com','142-202-4402','0571 Bartelt Point'),(649,'Eckels','Ernaline','eeckels3y@shinystat.com','173-222-5123','2883 Utah Park'),(650,'Castagneto','Rad','rcastagneto3z@google.com.br','834-928-6692','6 Bluestem Drive'),(651,'Prevost','Rory','rprevost40@tiny.cc','137-257-2653','8 Sunnyside Center'),(652,'Belamy','Abbie','abelamy41@booking.com','320-358-5789','16 Kipling Place'),(653,'Heeps','Arlin','aheeps42@cbslocal.com','370-413-6176','32 Ilene Court'),(654,'Ironmonger','Maurine','mironmonger43@cbc.ca','576-418-8819','98 Maywood Point'),(655,'Christley','Gustaf','gchristley44@4shared.com','482-387-3841','0234 Homewood Street'),(656,'Connerly','Jacky','jconnerly45@techcrunch.com','696-726-0908','8020 Sunbrook Center'),(657,'Jenk','Theobald','tjenk46@scribd.com','858-578-5783','39 Kenwood Pass'),(658,'Bussell','Carlotta','cbussell47@forbes.com','448-621-4318','3 Pond Trail'),(659,'Waight','Madeleine','mwaight48@surveymonkey.com','808-858-5748','48 Ridgeway Center'),(660,'Danton','Marlena','mdanton49@jiathis.com','861-735-8582','41989 Sullivan Road'),(661,'Stoke','Reilly','rstoke4a@ftc.gov','733-253-3704','2014 American Ash Lane'),(662,'Claricoates','Patience','pclaricoates4b@reference.com','787-938-9906','6 Oak Valley Pass'),(663,'Giddens','Kalli','kgiddens4c@ovh.net','732-964-3256','07990 Tennessee Junction'),(664,'Dawkins','Harriot','hdawkins4d@cbsnews.com','245-715-8130','32 Delladonna Parkway'),(665,'Werendell','Gamaliel','gwerendell4e@upenn.edu','739-155-9364','5 Dexter Trail'),(666,'Vigus','Myrah','mvigus4f@vimeo.com','895-801-1159','59007 Cascade Terrace'),(667,'Bennike','Kit','kbennike4g@phpbb.com','130-938-5857','49 Almo Plaza'),(668,'Brugsma','Kore','kbrugsma4h@bloglines.com','482-835-3853','98 Packers Way'),(669,'Gopsell','Stephie','sgopsell4i@dion.ne.jp','169-198-2202','3 Drewry Parkway'),(670,'Munden','Veronike','vmunden4j@cnet.com','208-986-3006','9978 Lotheville Trail'),(671,'Ferrandez','Byran','bferrandez4k@nydailynews.com','631-603-9598','6 Schlimgen Terrace'),(672,'Aronov','Donny','daronov4l@g.co','875-404-4100','38 Lotheville Crossing'),(673,'MacTrustie','Burt','bmactrustie4m@utexas.edu','865-536-2953','41706 Meadow Vale Center'),(674,'Dennett','Alden','adennett4n@nasa.gov','771-181-3478','28 Hollow Ridge Plaza'),(675,'Inett','Zackariah','zinett4o@elegantthemes.com','391-680-3397','1522 Glacier Hill Center'),(676,'Cardenosa','Chloris','ccardenosa4p@ca.gov','822-379-5861','1 Talisman Terrace'),(677,'Gale','Roderic','rgale4q@buzzfeed.com','896-973-3055','3 Westerfield Trail'),(678,'Connechie','Helyn','hconnechie4r@columbia.edu','981-116-5459','2344 Caliangt Crossing'),(679,'Hauxwell','Meta','mhauxwell4s@163.com','850-683-2184','1 Nelson Way'),(680,'Rulf','Algernon','arulf4t@berkeley.edu','411-180-1510','711 School Center'),(681,'Chesnut','Mervin','mchesnut4u@reverbnation.com','462-183-8536','64700 Lukken Pass'),(682,'Stampfer','Carola','cstampfer4v@mayoclinic.com','153-485-5483','90579 Eagan Street'),(683,'Ghelarducci','Daloris','dghelarducci4w@cornell.edu','613-132-9248','57 Division Road'),(684,'Geraldo','Liza','lgeraldo4x@hp.com','410-473-1242','98 Melrose Lane'),(685,'Dewdeny','Kynthia','kdewdeny4y@bravesites.com','774-156-1757','93 Tennessee Plaza'),(686,'Bratten','Judah','jbratten4z@wp.com','919-352-7405','1943 Goodland Point'),(687,'Heeron','Rollin','rheeron50@sun.com','157-269-1868','35 Burning Wood Street'),(688,'Ruzic','Bathsheba','bruzic51@marriott.com','325-207-8187','849 Shopko Drive'),(689,'Luckes','Lenee','lluckes52@sina.com.cn','110-334-2686','2 Pawling Alley'),(690,'Ridde','Clementina','cridde53@examiner.com','132-282-1857','14 Farmco Alley'),(691,'Moneti','Dierdre','dmoneti54@elegantthemes.com','874-551-0318','11129 Heath Trail'),(692,'Craiker','Bellina','bcraiker55@weather.com','481-519-6885','26 Westport Court'),(693,'Wishart','Jeanine','jwishart56@biblegateway.com','489-467-5836','013 Elgar Street'),(694,'Valentinuzzi','Cyril','cvalentinuzzi57@sun.com','988-427-0872','3641 Tennessee Place'),(695,'Rummer','Marthe','mrummer58@arstechnica.com','256-134-5701','099 Lakewood Avenue'),(696,'de Broke','Jacinta','jdebroke59@deliciousdays.com','256-804-3064','04932 Brentwood Place'),(697,'Ogilvy','Celestia','cogilvy5a@woothemes.com','315-979-3452','195 Coleman Pass'),(698,'Burgisi','Lydie','lburgisi5b@webs.com','688-560-4824','8225 Sunfield Center'),(699,'Bubbear','Adeline','abubbear5c@cdbaby.com','831-374-1802','9 Upham Place'),(700,'Greensides','Nissy','ngreensides5d@macromedia.com','608-453-9227','3027 Dottie Terrace'),(701,'Clouter','Jasmina','jclouter5e@edublogs.org','531-939-4450','5925 Troy Avenue'),(702,'Banasik','Oswell','obanasik5f@washingtonpost.com','496-721-8858','3666 Moland Drive'),(703,'Cleland','Amitie','acleland5g@tripadvisor.com','262-679-0554','769 Hollow Ridge Court'),(704,'Gaisford','Mina','mgaisford5h@youku.com','309-248-7832','4 Warbler Lane'),(705,'Maypother','Warner','wmaypother5i@google.ca','491-103-1414','2 Clarendon Plaza'),(706,'Brookz','Georges','gbrookz5j@github.io','726-466-5843','13 Hollow Ridge Plaza'),(707,'Antonowicz','Malachi','mantonowicz5k@usa.gov','364-689-5183','216 Riverside Crossing'),(708,'Sandercroft','Zuzana','zsandercroft5l@redcross.org','879-220-0998','6 Ridgeway Point'),(709,'Mingaud','Travers','tmingaud5m@miitbeian.gov.cn','718-813-1477','691 Lake View Place'),(710,'Comiskey','Clare','ccomiskey5n@cafepress.com','757-688-5745','4 Cottonwood Alley'),(711,'Tousy','Kimberlyn','ktousy5o@ifeng.com','283-279-5472','7 Waxwing Place'),(712,'Blencowe','Hubert','hblencowe5p@quantcast.com','109-908-3463','91 Hintze Terrace'),(713,'Barkway','Janeen','jbarkway5q@google.pl','460-115-3113','348 Arkansas Court'),(714,'Proudley','Robb','rproudley5r@cbslocal.com','700-603-1548','7715 Butternut Park'),(715,'Deveraux','Karina','kdeveraux5s@sina.com.cn','280-128-0521','5950 Sunnyside Street'),(716,'Kiffin','Janeen','jkiffin5t@over-blog.com','258-148-0061','273 Florence Parkway'),(717,'Devanny','Nessy','ndevanny5u@smh.com.au','767-675-1070','96757 Daystar Road'),(718,'Ainger','Earle','eainger5v@samsung.com','413-218-9563','3880 Hazelcrest Pass'),(719,'Harbron','Frederich','fharbron5w@senate.gov','791-610-8108','08047 Granby Road'),(720,'Dowey','Garvey','gdowey5x@amazonaws.com','606-926-6918','4 Prairie Rose Alley'),(721,'Baudinot','Adella','abaudinot5y@cnn.com','812-385-9342','53565 Grasskamp Lane'),(722,'Keeton','Augusto','akeeton5z@indiatimes.com','852-925-6830','96 Weeping Birch Avenue'),(723,'Water','Gerty','gwater60@oaic.gov.au','719-846-6941','359 Milwaukee Trail'),(724,'Bucknall','Matthiew','mbucknall61@smugmug.com','555-628-2336','8 Sundown Circle'),(725,'Fordyce','Gill','gfordyce62@buzzfeed.com','715-548-1481','26480 Cardinal Terrace'),(726,'Frankham','Melitta','mfrankham63@mozilla.org','122-964-7443','90578 Chive Junction'),(727,'Johncey','Jamal','jjohncey64@umich.edu','331-916-1525','2394 Vahlen Park'),(728,'Drillot','Coleman','cdrillot65@stumbleupon.com','575-259-4474','744 Darwin Drive'),(729,'Keenlyside','Ray','rkeenlyside66@cbc.ca','406-550-0128','436 Cody Pass'),(730,'Mancell','Bobinette','bmancell67@salon.com','254-196-1655','6860 Lighthouse Bay Crossing'),(731,'Kopps','Leilah','lkopps68@ucsd.edu','391-804-6604','103 Daystar Point'),(732,'Janew','Liuka','ljanew69@flickr.com','444-612-3170','9977 Raven Park'),(733,'Chesworth','Rafi','rchesworth6a@hc360.com','523-740-4298','34147 Steensland Alley'),(734,'Buxy','Rana','rbuxy6b@multiply.com','435-878-9866','833 Artisan Parkway'),(735,'Phelipeau','Isador','iphelipeau6c@home.pl','553-110-9243','82 Gateway Court'),(736,'Mynard','Demetra','dmynard6d@wordpress.org','859-814-5765','493 Commercial Crossing'),(737,'Kennady','Andrus','akennady6e@google.co.uk','483-240-9690','6 Reindahl Trail'),(738,'Turnbull','Gabrila','gturnbull6f@acquirethisname.com','188-924-9957','1370 Mallard Center'),(739,'Jasper','Kirsten','kjasper6g@livejournal.com','971-279-9268','10 Canary Avenue'),(740,'Brentnall','Jorgan','jbrentnall6h@loc.gov','326-446-8730','68615 Scott Park'),(741,'Jeffers','Cornell','cjeffers6i@wikispaces.com','228-975-1669','48 Spenser Center'),(742,'Wibberley','Carr','cwibberley6j@cafepress.com','423-639-5621','05266 Dottie Junction'),(743,'Capelle','Arlee','acapelle6k@trellian.com','757-287-5327','94978 Bay Park'),(744,'Bonhill','Lorenza','lbonhill6l@slideshare.net','586-433-7387','853 Marquette Parkway'),(745,'Lattin','Wendel','wlattin6m@state.tx.us','168-928-6972','71773 Bay Plaza'),(746,'Wittering','Chrystal','cwittering6n@blinklist.com','442-605-5552','9314 John Wall Plaza'),(747,'Pitrelli','Paulie','ppitrelli6o@macromedia.com','777-251-7393','85769 Eliot Plaza'),(748,'Jore','Simmonds','sjore6p@webeden.co.uk','442-339-0333','86649 Sutteridge Junction'),(749,'Barke','Dionne','dbarke6q@eventbrite.com','398-687-4492','570 Ruskin Terrace'),(750,'Castagnasso','Lothaire','lcastagnasso6r@google.com','924-243-2820','92 Thackeray Junction'),(751,'Clayton','Addie','aclayton6s@ebay.com','577-437-8679','8 Brown Point'),(752,'Sharple','Morten','msharple6t@fc2.com','378-611-9450','37566 Scott Junction'),(753,'Lorait','Chicky','clorait6u@addtoany.com','163-477-7753','564 North Drive'),(754,'Pirrie','Valida','vpirrie6v@instagram.com','813-961-6417','79308 Clarendon Trail'),(755,'Webb-Bowen','Linet','lwebbbowen6w@histats.com','921-465-6990','2 Memorial Point'),(756,'Petri','Cayla','cpetri6x@nationalgeographic.com','270-314-4756','98 Gulseth Street'),(757,'Rame','Christophorus','crame6y@networkadvertising.org','763-713-2115','3290 Kedzie Place'),(758,'Pichan','Edgardo','epichan6z@timesonline.co.uk','751-466-4252','56494 Saint Paul Circle'),(759,'Beastall','Rowney','rbeastall70@ning.com','244-397-4558','271 Chive Alley'),(760,'Carwardine','Rachelle','rcarwardine71@mozilla.org','898-382-8936','1 Florence Plaza'),(761,'Skrzynski','Madelina','mskrzynski72@icio.us','441-913-1490','80 Cherokee Way'),(762,'Spreckley','Hanna','hspreckley73@dmoz.org','517-884-3014','558 Harper Street'),(763,'Renals','Kelcie','krenals74@nytimes.com','408-134-2542','96 Talmadge Plaza'),(764,'Grew','Velvet','vgrew75@marriott.com','156-604-4357','1 Ryan Parkway'),(765,'D\'Almeida','Filippa','fdalmeida76@mozilla.org','867-233-8165','03 Eliot Road'),(766,'Axon','Willey','waxon77@jimdo.com','123-551-8346','11 7th Place'),(767,'Kall','Blondell','bkall78@purevolume.com','253-597-3976','86 Everett Junction'),(768,'Paradyce','Elfrida','eparadyce79@youtu.be','238-282-4694','06092 Petterle Avenue'),(769,'Grube','Ninnetta','ngrube7a@who.int','322-787-2294','62990 Eastlawn Lane'),(770,'Cudbird','Wendy','wcudbird7b@51.la','931-844-4038','388 Schurz Road'),(771,'Errington','Maddalena','merrington7c@timesonline.co.uk','814-218-2197','5444 American Alley'),(772,'Ballinger','Britni','bballinger7d@goo.ne.jp','662-912-8245','3170 Talisman Way'),(773,'Hannay','Roana','rhannay7e@china.com.cn','311-441-0213','07481 Truax Avenue'),(774,'Harm','Herschel','hharm7f@1und1.de','879-792-9437','184 Hazelcrest Terrace'),(775,'Buesden','Quillan','qbuesden7g@cdc.gov','116-182-6695','51 Lakewood Gardens Crossing'),(776,'Pottinger','Sacha','spottinger7h@yellowbook.com','281-476-4187','15 Ridgeway Point'),(777,'Patis','Jozef','jpatis7i@washington.edu','767-751-4932','0 Birchwood Drive'),(778,'Dacey','Cari','cdacey7j@sogou.com','718-553-9603','4595 Iowa Hill'),(779,'Parkey','Sarah','sparkey7k@over-blog.com','467-859-3890','3 Hoepker Circle'),(780,'Casburn','Giulio','gcasburn7l@epa.gov','830-424-8836','959 Shoshone Drive'),(781,'Dulwich','Kerri','kdulwich7m@google.co.uk','131-931-1276','4 Buhler Drive'),(782,'Coal','Ruthe','rcoal7n@salon.com','319-933-9641','55340 Hoffman Plaza'),(783,'De La Cote','Inness','idelacote7o@hugedomains.com','881-419-3756','9061 Annamark Lane'),(784,'Binnie','Tann','tbinnie7p@angelfire.com','827-976-4762','7378 Fuller Alley'),(785,'Beekmann','Ely','ebeekmann7q@blinklist.com','278-348-4795','7 Boyd Alley'),(786,'Curm','Catlee','ccurm7r@gov.uk','600-859-4720','5276 Village Terrace'),(787,'de la Tremoille','Elyn','edelatremoille7s@macromedia.com','629-483-1567','13 Elgar Terrace'),(788,'Arpino','Cordelie','carpino7t@gizmodo.com','878-155-5646','021 Petterle Parkway'),(789,'Belden','Alfons','abelden7u@aboutads.info','233-307-6507','08 Ridge Oak Center'),(790,'Glen','Carlene','cglen7v@artisteer.com','863-617-1468','799 Acker Alley'),(791,'Jirsa','Liane','ljirsa7w@blogtalkradio.com','453-937-3733','7 Bonner Circle'),(792,'Hyman','Belia','bhyman7x@deliciousdays.com','842-327-5300','5440 Kings Terrace'),(793,'O\'Sculley','Collette','cosculley7y@g.co','636-508-8790','08 Atwood Hill'),(794,'Demangeon','Edgard','edemangeon7z@pinterest.com','832-334-2274','5 Bashford Plaza'),(795,'Dermott','Delphinia','ddermott80@sina.com.cn','482-943-6875','4045 Sachtjen Trail'),(796,'Deely','Timothea','tdeely81@businessweek.com','586-682-2257','70310 Doe Crossing Circle'),(797,'Tuxwell','Cyrill','ctuxwell82@salon.com','771-240-9228','0 Corscot Avenue'),(798,'Chiese','Tiff','tchiese83@blogs.com','598-357-1915','23 4th Point'),(799,'Korb','Gardy','gkorb84@cbslocal.com','626-921-8733','693 Vermont Park'),(800,'Fawdery','Hilliard','hfawdery85@wikispaces.com','750-552-4205','73277 Memorial Circle'),(801,'Glendzer','Neron','nglendzer86@about.me','574-907-8872','4032 Rieder Avenue'),(802,'Fright','Willi','wfright87@webeden.co.uk','483-745-0447','5218 Little Fleur Road'),(803,'Peaurt','Gayelord','gpeaurt88@dmoz.org','145-926-9401','30 Dwight Court'),(804,'Paddemore','Maryann','mpaddemore89@wikipedia.org','533-231-1383','5 Brown Junction'),(805,'Kighly','Zondra','zkighly8a@a8.net','105-461-3488','0 Summerview Drive'),(806,'Ramsbottom','Guglielmo','gramsbottom8b@answers.com','108-209-0499','9 Graceland Trail'),(807,'Leeke','Zora','zleeke8c@alibaba.com','320-459-3946','01 Sage Plaza'),(808,'Khotler','Keir','kkhotler8d@psu.edu','456-740-8888','027 Bartelt Center'),(809,'Brignell','Jacob','jbrignell8e@multiply.com','284-989-9887','2 Anderson Parkway'),(810,'Iles','Kippy','kiles8f@twitter.com','650-952-3273','951 Macpherson Terrace'),(811,'Harms','Kellen','kharms8g@techcrunch.com','402-950-0686','74 Anthes Junction'),(812,'Torbeck','Martyn','mtorbeck8h@cam.ac.uk','710-592-8432','0 6th Alley'),(813,'Dybell','Gamaliel','gdybell8i@statcounter.com','757-733-1201','73 Merchant Plaza'),(814,'Gethen','Molly','mgethen8j@flickr.com','464-478-7204','67901 Graceland Hill'),(815,'Vanyushkin','Virgilio','vvanyushkin8k@w3.org','534-350-3989','1 Ohio Parkway'),(816,'Corbally','Coretta','ccorbally8l@yellowpages.com','498-162-6985','217 Lake View Alley'),(817,'Isacsson','Dallis','disacsson8m@phpbb.com','405-589-0333','29 Riverside Pass'),(818,'O\'Malley','Pooh','pomalley8n@liveinternet.ru','330-208-9673','4681 Scofield Court'),(819,'Mussard','Forrester','fmussard8o@state.tx.us','303-218-8431','405 Manley Pass'),(820,'Baumer','Giffard','gbaumer8p@discuz.net','818-127-1852','168 Northwestern Hill'),(821,'Nattriss','Brocky','bnattriss8q@ezinearticles.com','403-903-0073','014 Village Green Road'),(822,'Bransom','Gizela','gbransom8r@smh.com.au','541-487-2861','06017 Monterey Court'),(823,'Accomb','Berri','baccomb8s@tumblr.com','129-136-2430','365 Hollow Ridge Place'),(824,'Janssens','Brett','bjanssens8t@ted.com','247-738-6027','9 Lindbergh Lane'),(825,'Glentz','Lark','lglentz8u@cdbaby.com','894-659-6919','4 Monument Street'),(826,'Attride','Astra','aattride8v@nyu.edu','301-941-7782','573 Express Pass'),(827,'Corton','Blakelee','bcorton8w@theguardian.com','582-306-6827','8588 Gulseth Trail'),(828,'Wittering','Levy','lwittering8x@hud.gov','119-663-5959','49 Hoffman Pass'),(829,'Cardall','Timoteo','tcardall8y@hubpages.com','295-289-0591','65045 Barby Alley'),(830,'Vaillant','Forster','fvaillant8z@cnet.com','793-375-9588','674 Bluestem Terrace'),(831,'Lohrensen','Roseline','rlohrensen90@about.com','647-714-0338','46459 Nova Junction'),(832,'Snasdell','Emelina','esnasdell91@last.fm','934-315-5374','50 Fordem Place'),(833,'Donhardt','Erskine','edonhardt92@accuweather.com','782-438-6198','88 Lighthouse Bay Parkway'),(834,'Jakeman','Far','fjakeman93@wired.com','649-198-5760','157 Mcguire Alley'),(835,'Lawn','Teador','tlawn94@icq.com','274-781-6927','96160 Onsgard Drive'),(836,'Orniz','Anni','aorniz95@altervista.org','954-961-8063','721 Manley Hill'),(837,'Bantham','Adham','abantham96@businesswire.com','458-179-5852','29656 Spenser Hill'),(838,'Overpool','Liam','loverpool97@omniture.com','529-260-0826','3 High Crossing Place'),(839,'Confait','Tades','tconfait98@acquirethisname.com','180-599-2790','77627 Cardinal Circle'),(840,'Ivashin','Pernell','pivashin99@digg.com','268-758-2290','12 Chive Parkway'),(841,'Rogerson','Wright','wrogerson9a@dmoz.org','453-452-2459','42 Scott Court'),(842,'Thornton-Dewhirst','Jania','jthorntondewhirst9b@discuz.net','289-508-5303','4 Hayes Street'),(843,'Sieve','Dara','dsieve9c@shinystat.com','336-865-4629','5 Buhler Place'),(844,'Kenneford','Mignon','mkenneford9d@nps.gov','487-206-8616','98429 Pawling Drive'),(845,'Quogan','Bailey','bquogan9e@china.com.cn','342-372-9348','55781 Menomonie Way'),(846,'Lepope','Edithe','elepope9f@howstuffworks.com','828-325-0192','641 Coolidge Terrace'),(847,'Baptist','Celinka','cbaptist9g@tiny.cc','109-766-4337','6642 American Ash Place'),(848,'Le Count','Georgine','glecount9h@purevolume.com','717-213-7552','031 Blue Bill Park Park'),(849,'Farrants','Courtenay','cfarrants9i@alexa.com','317-379-1588','9147 Del Sol Point'),(850,'Growcott','Kincaid','kgrowcott9j@vimeo.com','716-636-1907','4171 Walton Way'),(851,'Nijs','Bonita','bnijs9k@godaddy.com','100-818-1877','8 Fallview Circle'),(852,'Scimone','Hardy','hscimone9l@cocolog-nifty.com','104-213-6313','371 Dawn Circle'),(853,'McGeraghty','Corenda','cmcgeraghty9m@narod.ru','541-151-3958','7717 Fair Oaks Parkway'),(854,'Cartmer','Jermaine','jcartmer9n@toplist.cz','346-292-4448','10 Atwood Point'),(855,'Longea','Cristiano','clongea9o@umn.edu','821-143-9869','9 Center Center'),(856,'Astman','Theobald','tastman9p@nih.gov','700-464-6216','321 Division Place'),(857,'Etty','Joey','jetty9q@rambler.ru','803-606-0718','494 Schmedeman Park'),(858,'Fookes','Saba','sfookes9r@seesaa.net','664-313-9525','21 Green Trail'),(859,'Pibworth','Selie','spibworth9s@webs.com','255-335-6878','8070 Derek Drive'),(860,'Goldberg','Yorke','ygoldberg9t@wp.com','512-804-4068','319 Valley Edge Avenue'),(861,'Pawelke','Aretha','apawelke9u@over-blog.com','303-955-7591','03 Trailsway Avenue'),(862,'Pankethman','Reggie','rpankethman9v@wordpress.com','847-737-5408','63 Manufacturers Lane'),(863,'Stroton','Mort','mstroton9w@netlog.com','153-207-2517','8 Sheridan Place'),(864,'Colbertson','Maritsa','mcolbertson9x@squidoo.com','504-526-2730','117 Maywood Hill'),(865,'Gambles','Zonnya','zgambles9y@oakley.com','287-553-1907','84 Mariners Cove Point'),(866,'Mecozzi','Avram','amecozzi9z@nature.com','363-704-9627','2405 Meadow Valley Hill'),(867,'McKnish','Aron','amcknisha0@cocolog-nifty.com','403-627-3498','331 Monica Terrace'),(868,'Emberton','Maurits','membertona1@chicagotribune.com','744-825-3484','186 Russell Court'),(869,'Rabbitt','Annabelle','arabbitta2@craigslist.org','501-437-2315','739 Aberg Crossing'),(870,'Dannatt','Armando','adannatta3@usgs.gov','951-759-2514','211 Knutson Hill'),(871,'Sliman','Reba','rslimana4@cdc.gov','571-166-2538','9 Eliot Road'),(872,'Walewski','Garland','gwalewskia5@technorati.com','199-549-9590','4012 Mandrake Alley'),(873,'Dymond','Ario','adymonda6@behance.net','314-836-9612','0 Buhler Pass'),(874,'Hein','Julie','jheina7@typepad.com','906-880-7574','06 Melrose Terrace'),(875,'Pinnock','Charley','cpinnocka8@cnn.com','202-595-4962','13 Monument Place'),(876,'Deverille','Buffy','bdeverillea9@ca.gov','325-314-5017','97732 Carey Terrace'),(877,'Axon','Pattie','paxonaa@prlog.org','636-403-7614','3 Lerdahl Plaza'),(878,'Gaule','Reamonn','rgauleab@altervista.org','667-228-9589','85781 Harper Terrace'),(879,'Hardbattle','Elisha','ehardbattleac@tripod.com','852-602-3466','715 Homewood Terrace'),(880,'Chave','Cecelia','cchavead@google.nl','138-102-4905','86 Vermont Hill'),(881,'Rawle','Brande','brawleae@latimes.com','568-354-7451','14 6th Crossing'),(882,'Bransgrove','Winna','wbransgroveaf@nih.gov','842-970-7553','0 Sunfield Park'),(883,'Statham','Marve','mstathamag@umn.edu','769-387-8958','73328 Sachtjen Hill'),(884,'Leathes','Claybourne','cleathesah@npr.org','894-924-7871','1 Corry Junction'),(885,'Bissatt','Rayshell','rbissattai@xrea.com','925-175-6278','87 Kedzie Alley'),(886,'Clue','Erick','eclueaj@instagram.com','373-481-3498','5824 Waxwing Way'),(887,'Woolfitt','Gun','gwoolfittak@ucoz.com','595-752-6326','07 Walton Road'),(888,'MacKnocker','Georgeta','gmacknockeral@com.com','925-164-2586','43592 American Parkway'),(889,'Holtaway','Gianna','gholtawayam@miibeian.gov.cn','944-372-8270','069 Granby Plaza'),(890,'Bartaletti','Guillemette','gbartalettian@comsenz.com','999-651-0614','83 Butternut Alley'),(891,'Stocken','Eli','estockenao@alexa.com','142-948-5860','121 North Lane'),(892,'Gillean','Ferdinand','fgilleanap@clickbank.net','782-532-5071','333 Village Court'),(893,'Shreenan','Alyson','ashreenanaq@economist.com','921-387-0056','017 Spohn Parkway'),(894,'Faro','Rowland','rfaroar@google.nl','824-245-6945','849 Eliot Junction'),(895,'Pirrone','Winonah','wpirroneas@disqus.com','129-924-7857','55 Sunfield Street'),(896,'Sheere','Maxie','msheereat@desdev.cn','238-849-2637','2 Hollow Ridge Crossing'),(897,'Beckinsale','Pall','pbeckinsaleau@yolasite.com','940-315-5802','5 Graceland Plaza'),(898,'Pendlebery','Pryce','ppendleberyav@cbsnews.com','865-792-4209','00601 Moland Point'),(899,'Feast','Bella','bfeastaw@google.cn','424-463-4798','1421 Bartelt Plaza'),(900,'Saltmarshe','Benita','bsaltmarsheax@joomla.org','312-141-3276','08027 Bunting Avenue'),(901,'Gillise','Patrizio','pgilliseay@paginegialle.it','571-101-7898','82 Dunning Road'),(902,'Northcott','Cord','cnorthcottaz@list-manage.com','235-570-8892','7003 Erie Street'),(903,'Kamall','Jed','jkamallb0@constantcontact.com','854-988-7045','101 Bobwhite Terrace'),(904,'Tellenbrook','Thane','ttellenbrookb1@weebly.com','599-172-4756','09209 Pankratz Hill'),(905,'Load','Dorie','dloadb2@yahoo.com','261-295-0577','135 Mayer Road'),(906,'Webber','Nikolaos','nwebberb3@github.com','740-433-4964','26 Monterey Place'),(907,'Murfett','Janenna','jmurfettb4@sohu.com','800-765-7730','2 Anzinger Point'),(908,'Cotmore','Kip','kcotmoreb5@hatena.ne.jp','773-191-9877','4999 Eagan Lane'),(909,'Alderwick','Terri-jo','talderwickb6@ebay.com','491-637-4950','64 Oxford Junction'),(910,'Wingate','Darby','dwingateb7@bloglovin.com','766-315-1434','92 Delaware Street'),(911,'Molen','Talia','tmolenb8@shinystat.com','901-365-8500','637 Holy Cross Pass'),(912,'Babbage','Kalina','kbabbageb9@macromedia.com','660-624-6678','4182 Hayes Trail'),(913,'Donnan','Wilmer','wdonnanba@mail.ru','888-545-5327','29233 Nevada Lane'),(914,'Tucknutt','Nester','ntucknuttbb@chronoengine.com','461-206-4306','10 Esker Center'),(915,'Griss','Aubree','agrissbc@123-reg.co.uk','424-999-5078','835 Northfield Terrace'),(916,'MacSporran','Minni','mmacsporranbd@comsenz.com','842-301-6005','5692 Prairieview Avenue'),(917,'Goffe','Fields','fgoffebe@spiegel.de','185-940-9089','1536 Dixon Center'),(918,'Symcoxe','Fancie','fsymcoxebf@devhub.com','413-587-2934','6 Mayfield Center'),(919,'Abbes','Aleksandr','aabbesbg@paginegialle.it','703-424-4322','3104 Donald Terrace'),(920,'Rickman','Mendel','mrickmanbh@telegraph.co.uk','949-139-5700','5 Sunnyside Crossing'),(921,'Prevost','Gunter','gprevostbi@prweb.com','291-546-2464','49 Hoffman Trail'),(922,'Gore','Ruth','rgorebj@prnewswire.com','611-971-2389','5552 Colorado Center'),(923,'Pitherick','Patrizius','ppitherickbk@mozilla.com','479-378-1524','261 Nevada Hill'),(924,'Clausewitz','Olivero','oclausewitzbl@freewebs.com','226-696-0241','20 Scott Avenue'),(925,'Orth','Vida','vorthbm@ucla.edu','894-927-9813','00 Dwight Terrace'),(926,'Vipan','Carin','cvipanbn@sfgate.com','279-827-7104','112 High Crossing Road'),(927,'Cason','Grata','gcasonbo@de.vu','835-437-7632','8886 Sage Place'),(928,'Kardos-Stowe','Bunnie','bkardosstowebp@wired.com','235-131-4499','80369 Springs Alley'),(929,'McRamsey','Jaquenette','jmcramseybq@china.com.cn','402-123-9990','17647 Briar Crest Hill'),(930,'Pirrone','Sherry','spirronebr@nationalgeographic.com','383-566-4138','6296 Longview Plaza'),(931,'Dow','Ally','adowbs@goo.gl','825-683-9971','349 Magdeline Junction'),(932,'Haill','Hobey','hhaillbt@shutterfly.com','760-174-5065','5553 Fairfield Court'),(933,'Caddick','Alena','acaddickbu@webs.com','443-654-8035','0108 Sherman Road'),(934,'Vickery','Tiphany','tvickerybv@scribd.com','876-971-1291','14680 Carioca Junction'),(935,'Neubigin','Syman','sneubiginbw@usda.gov','952-591-2846','0952 Goodland Court'),(936,'Brimblecomb','Sandie','sbrimblecombbx@edublogs.org','863-698-2748','2475 Algoma Lane'),(937,'Sansun','Mariele','msansunby@howstuffworks.com','534-203-5048','93144 Upham Point'),(938,'MacSherry','Cathie','cmacsherrybz@joomla.org','749-502-2828','578 Larry Crossing'),(939,'Jemison','Ardelis','ajemisonc0@bluehost.com','988-347-2477','59 Eagan Alley'),(940,'Densey','Curr','cdenseyc1@zimbio.com','247-754-8157','18208 Jay Alley'),(941,'Cagan','Sandro','scaganc2@unicef.org','539-252-0118','993 Acker Terrace'),(942,'Goves','Lexis','lgovesc3@mlb.com','155-445-4819','6 Annamark Parkway'),(943,'Blacktin','Vito','vblacktinc4@bluehost.com','771-884-2250','329 Sutherland Trail'),(944,'Mattke','Nikki','nmattkec5@myspace.com','553-155-6717','76253 Tony Avenue'),(945,'Murrock','Lorianna','lmurrockc6@abc.net.au','265-557-2813','5 Trailsway Park'),(946,'Rasper','Patrizius','prasperc7@forbes.com','351-881-3920','627 Kim Drive'),(947,'Saura','Terri','tsaurac8@pcworld.com','235-137-7801','35 Calypso Pass'),(948,'Judd','Ivett','ijuddc9@51.la','194-430-9024','0 Goodland Crossing'),(949,'Ector','Carson','cectorca@weather.com','744-211-5406','058 Golf View Alley'),(950,'Sinden','Tabitha','tsindencb@fema.gov','988-102-2493','2 Esker Trail'),(951,'OIlier','Hewie','hoiliercc@squarespace.com','974-856-9511','25163 Tennessee Parkway'),(952,'Pannett','Andra','apannettcd@alibaba.com','345-518-4954','28855 Kings Circle'),(953,'Sibun','Shellysheldon','ssibunce@newyorker.com','921-541-4234','726 Delaware Lane'),(954,'Krout','Doris','dkroutcf@rediff.com','883-372-0753','3802 Fair Oaks Place'),(955,'Oller','Chicky','collercg@whitehouse.gov','472-968-0466','498 Steensland Terrace'),(956,'McVey','Mohammed','mmcveych@icio.us','535-602-4892','0 Shelley Pass'),(957,'Mc Gorley','Ernestus','emcgorleyci@ed.gov','276-104-7572','8 Pierstorff Point'),(958,'Danshin','Annalise','adanshincj@behance.net','798-163-1492','57 Menomonie Terrace'),(959,'Garmanson','Sophie','sgarmansonck@photobucket.com','135-570-8948','2 Center Park'),(960,'Setchfield','Gibb','gsetchfieldcl@wisc.edu','687-708-3979','99 Pleasure Court'),(961,'Hurcombe','Velma','vhurcombecm@hibu.com','939-350-7587','04837 Meadow Vale Drive'),(962,'Magee','Cornall','cmageecn@ameblo.jp','304-333-4954','10 Almo Drive'),(963,'Sharrock','Lolly','lsharrockco@un.org','390-167-6124','59 Debs Center'),(964,'Keilty','Cesar','ckeiltycp@reuters.com','873-827-8502','96191 Cascade Plaza'),(965,'Bemwell','Oberon','obemwellcq@accuweather.com','551-217-3215','31 Spaight Parkway'),(966,'Pury','Kinna','kpurycr@hc360.com','711-132-1343','1 Crest Line Place'),(967,'Mussettini','Dolley','dmussettinics@xing.com','880-234-5507','4 Lien Junction'),(968,'Selway','Ronnie','rselwayct@biblegateway.com','169-882-9816','4798 Graceland Trail'),(969,'Osmint','Roxine','rosmintcu@timesonline.co.uk','892-532-0154','16386 Independence Road'),(970,'Servante','Rafaelita','rservantecv@canalblog.com','310-254-8424','32090 Lyons Trail'),(971,'Bolsover','Geno','gbolsovercw@topsy.com','965-510-8733','18 Loftsgordon Avenue'),(972,'Klagges','Alysa','aklaggescx@blogs.com','913-702-4816','1 Hoepker Parkway'),(973,'Cabell','Red','rcabellcy@hc360.com','337-345-1897','15021 Rieder Park'),(974,'Kirk','Margi','mkirkcz@acquirethisname.com','591-803-6649','6294 Briar Crest Street'),(975,'Bawme','Gaven','gbawmed0@illinois.edu','318-687-0770','6875 Novick Circle'),(976,'McNelis','Sheilakathryn','smcnelisd1@nyu.edu','394-324-6123','33630 Dahle Place'),(977,'Hanton','Arri','ahantond2@rakuten.co.jp','927-268-3273','4 3rd Terrace'),(978,'Sheerin','Petunia','psheerind3@tripadvisor.com','587-275-8165','74 Fairview Place'),(979,'Riste','Jerry','jristed4@fastcompany.com','505-237-6594','45649 Lighthouse Bay Pass'),(980,'Finnan','Tiffani','tfinnand5@youtube.com','444-557-7832','01 Lerdahl Hill'),(981,'MacNeachtain','Horatius','hmacneachtaind6@yahoo.com','254-316-6970','0 Hoard Junction'),(982,'Gookes','Lavinia','lgookesd7@tinyurl.com','456-601-6328','6809 Sunfield Park'),(983,'Simonson','Zebulon','zsimonsond8@friendfeed.com','940-612-9848','88 Glendale Crossing'),(984,'Dessent','Shirline','sdessentd9@github.io','750-696-0312','93067 Mayfield Place'),(985,'Stille','Mirella','mstilleda@yellowpages.com','887-883-2779','51 Lillian Road'),(986,'Priditt','Sherwynd','spridittdb@sun.com','274-668-6245','4 Hoard Place'),(987,'Townes','Stillmann','stownesdc@livejournal.com','550-829-1187','09 Saint Paul Place'),(988,'Mc Harg','Barbi','bmchargdd@purevolume.com','179-383-2905','1 Gale Court'),(989,'Norheny','Cori','cnorhenyde@feedburner.com','560-626-5837','86159 Novick Avenue'),(990,'Diddams','Valaria','vdiddamsdf@hao123.com','353-223-4358','7 Scott Hill'),(991,'Delete','Perle','pdeletedg@printfriendly.com','542-477-4312','2965 Hoepker Junction'),(992,'Mallalieu','Phaedra','pmallalieudh@squarespace.com','349-775-7554','809 Oakridge Plaza'),(993,'Tyas','Duncan','dtyasdi@businessinsider.com','810-725-0593','0 Southridge Junction'),(994,'Behneke','Lanna','lbehnekedj@sakura.ne.jp','659-777-7368','06 Fallview Avenue'),(995,'Timberlake','Wallie','wtimberlakedk@engadget.com','785-467-5964','891 Drewry Trail'),(996,'Episcopi','Tommy','tepiscopidl@sitemeter.com','768-831-6120','9891 Manley Trail'),(997,'Mityashev','Rustin','rmityashevdm@myspace.com','767-888-4190','3 Northfield Parkway'),(998,'Steggles','Gauthier','gstegglesdn@1und1.de','565-730-9691','77 Merrick Junction'),(999,'Crewe','Freddy','fcrewedo@guardian.co.uk','840-280-8876','53 Alpine Junction'),(1000,'Kinnaird','Christy','ckinnairddp@csmonitor.com','881-155-3159','41 Oak Valley Parkway'),(1001,'Scrammage','Tera','tscrammagedq@fc2.com','642-546-7329','93 Memorial Street'),(1002,'Castilla','Doralynn','dcastilladr@cnn.com','428-581-3330','13553 Prairie Rose Pass'),(1003,'Luckman','Debor','dluckmands@hatena.ne.jp','534-697-6480','7017 Mcbride Pass'),(1004,'Dogerty','Carrissa','cdogertydt@mit.edu','316-273-2074','93998 Namekagon Drive'),(1005,'Arnowitz','Nonah','narnowitzdu@sbwire.com','629-741-3507','574 Gateway Alley'),(1006,'Pavic','Brigitta','bpavicdv@naver.com','340-866-0971','388 Kedzie Pass'),(1007,'Smallpeice','Frants','fsmallpeicedw@cisco.com','871-738-4723','38191 Clyde Gallagher Terrace'),(1008,'Basezzi','Lock','lbasezzidx@shop-pro.jp','794-577-2951','5 Schurz Drive'),(1009,'MacMickan','Abbott','amacmickandy@yahoo.com','502-192-4692','0 Farragut Drive'),(1010,'Patis','Trixie','tpatisdz@huffingtonpost.com','898-921-6278','6 Badeau Place'),(1011,'Darbon','Rubin','rdarbone0@ox.ac.uk','231-923-3445','635 8th Road'),(1012,'Beever','Currie','cbeevere1@cnn.com','100-304-7338','0583 Stone Corner Hill'),(1013,'Diess','Isidoro','idiesse2@github.io','970-125-9360','76267 Center Terrace'),(1014,'Hellings','Way','whellingse3@lycos.com','356-970-9571','73 Steensland Plaza'),(1015,'Haverty','Edd','ehavertye4@jalbum.net','659-941-5455','9432 Union Point'),(1016,'Padwick','Panchito','ppadwicke5@squidoo.com','786-606-5776','28 Starling Trail'),(1017,'Colliard','Jackie','jcolliarde6@illinois.edu','489-989-3801','10665 Waubesa Lane'),(1018,'Kynett','Merralee','mkynette7@networkadvertising.org','706-464-0817','03 Drewry Alley'),(1019,'Egell','Marget','megelle8@answers.com','449-683-7819','08212 Crest Line Plaza'),(1020,'Weldrake','Richardo','rweldrakee9@aboutads.info','528-334-4967','3 International Drive');
/*!40000 ALTER TABLE `Clients` ENABLE KEYS */;
UNLOCK TABLES;

--
-- Table structure for table `Contacts`
--

DROP TABLE IF EXISTS `Contacts`;
/*!40101 SET @saved_cs_client     = @@character_set_client */;
/*!50503 SET character_set_client = utf8mb4 */;
CREATE TABLE `Contacts` (
  `id_cs` bigint unsigned NOT NULL AUTO_INCREMENT,
  `supplierID` int DEFAULT NULL,
  `memberID` int DEFAULT NULL,
  `date_time_Contact` datetime DEFAULT NULL,
  PRIMARY KEY (`id_cs`),
  UNIQUE KEY `id_cs` (`id_cs`),
  KEY `supplierID` (`supplierID`),
  KEY `memberID` (`memberID`),
  CONSTRAINT `contacts_ibfk_1` FOREIGN KEY (`supplierID`) REFERENCES `Supplier` (`supplierID`) ON DELETE CASCADE,
  CONSTRAINT `contacts_ibfk_2` FOREIGN KEY (`memberID`) REFERENCES `TeamMember` (`memberID`) ON DELETE CASCADE
) ENGINE=InnoDB DEFAULT CHARSET=utf8mb4 COLLATE=utf8mb4_0900_ai_ci;
/*!40101 SET character_set_client = @saved_cs_client */;

--
-- Dumping data for table `Contacts`
--

LOCK TABLES `Contacts` WRITE;
/*!40000 ALTER TABLE `Contacts` DISABLE KEYS */;
/*!40000 ALTER TABLE `Contacts` ENABLE KEYS */;
UNLOCK TABLES;

--
-- Table structure for table `Contain`
--

DROP TABLE IF EXISTS `Contain`;
/*!40101 SET @saved_cs_client     = @@character_set_client */;
/*!50503 SET character_set_client = utf8mb4 */;
CREATE TABLE `Contain` (
  `id_c` bigint unsigned NOT NULL AUTO_INCREMENT,
  `orderNumber` int NOT NULL,
  `itemID` int NOT NULL,
  `quantityOfItems` int DEFAULT NULL,
  `deliveryMethod` varchar(30) DEFAULT NULL,
  `discount` decimal(4,2) DEFAULT NULL,
  `totalValue` decimal(19,2) DEFAULT NULL,
  PRIMARY KEY (`id_c`),
  UNIQUE KEY `id_c` (`id_c`),
  KEY `orderNumber` (`orderNumber`),
  KEY `itemID` (`itemID`),
  CONSTRAINT `contain_ibfk_1` FOREIGN KEY (`orderNumber`) REFERENCES `Orders` (`orderNumber`) ON DELETE CASCADE,
  CONSTRAINT `contain_ibfk_2` FOREIGN KEY (`itemID`) REFERENCES `Items` (`itemID`) ON DELETE CASCADE
) ENGINE=InnoDB AUTO_INCREMENT=981 DEFAULT CHARSET=utf8mb4 COLLATE=utf8mb4_0900_ai_ci;
/*!40101 SET character_set_client = @saved_cs_client */;

--
-- Dumping data for table `Contain`
--

LOCK TABLES `Contain` WRITE;
/*!40000 ALTER TABLE `Contain` DISABLE KEYS */;
INSERT INTO `Contain` VALUES (2,416,28,1,'Collection',6.00,2465.51),(3,477,72,3,'Collection',10.00,1212.23),(4,958,161,1,'FedeX',9.00,601.39),(7,864,150,3,'Delivery',8.00,2855.19),(8,419,154,1,'FedeX',7.00,1332.12),(9,380,102,3,'FedeX',9.00,2581.46),(11,33,163,2,'Post',9.00,1331.24),(13,413,7,1,'Collection',10.00,2075.47),(16,110,33,3,'Delivery',8.00,391.24),(19,817,36,2,'Post',8.00,390.24),(20,850,48,2,'Delivery',9.00,946.54),(21,778,25,1,'Delivery',6.00,2354.22),(22,568,111,1,'Collection',7.00,2835.16),(23,887,79,2,'Collection',9.00,366.23),(26,248,145,3,'FedeX',8.00,1129.78),(27,109,95,1,'Post',5.00,2751.71),(30,823,29,1,'Delivery',7.00,1558.67),(31,581,13,2,'FedeX',10.00,1898.19),(32,404,33,2,'Delivery',10.00,1836.62),(33,328,16,2,'FedeX',10.00,1063.97),(34,227,56,2,'Delivery',5.00,193.38),(35,163,150,2,'Post',8.00,2039.42),(38,488,49,3,'Delivery',7.00,2449.81),(39,775,76,2,'Post',7.00,58.61),(40,471,79,2,'FedeX',6.00,468.16),(41,371,112,2,'Delivery',10.00,719.75),(42,451,126,3,'Collection',10.00,951.06),(43,587,66,3,'Post',10.00,1905.33),(47,360,61,1,'Collection',7.00,2341.36),(54,826,89,2,'FedeX',9.00,66.28),(61,19,123,1,'FedeX',5.00,2974.04),(62,545,18,2,'FedeX',5.00,1919.42),(64,88,138,2,'Post',8.00,2989.13),(65,761,73,2,'Post',7.00,399.62),(69,575,91,1,'FedeX',10.00,2955.55),(70,110,37,3,'Collection',5.00,341.09),(72,518,115,1,'Post',8.00,2923.83),(76,111,140,2,'Collection',8.00,2306.19),(78,519,14,2,'Delivery',9.00,2207.84),(80,407,18,2,'Delivery',9.00,1538.27),(81,467,69,1,'FedeX',5.00,1216.19),(82,586,53,3,'Delivery',8.00,2898.55),(83,786,53,3,'Delivery',5.00,2839.47),(87,259,123,1,'Post',5.00,2315.85),(90,780,27,2,'Post',10.00,134.51),(91,722,75,2,'Delivery',9.00,1536.83),(93,791,33,2,'FedeX',6.00,1617.61),(96,535,64,2,'Collection',9.00,1728.43),(97,218,54,3,'Post',6.00,2326.50),(101,864,99,1,'Post',9.00,2036.98),(102,295,102,1,'Delivery',10.00,2555.49),(103,47,23,3,'Post',5.00,2943.40),(104,952,44,3,'Delivery',5.00,606.71),(108,941,26,2,'Delivery',9.00,1917.18),(109,194,163,2,'Delivery',10.00,581.04),(110,754,87,2,'Post',8.00,1614.76),(111,898,128,3,'Delivery',10.00,2208.75),(114,207,64,1,'Delivery',9.00,1970.47),(117,732,121,3,'Collection',5.00,215.59),(118,402,149,3,'Delivery',5.00,2030.42),(120,78,125,3,'Post',5.00,1793.69),(126,120,126,3,'FedeX',10.00,732.73),(127,875,28,1,'Delivery',5.00,631.04),(133,240,50,2,'Post',6.00,1686.15),(134,571,111,2,'FedeX',9.00,1945.05),(135,447,124,3,'Delivery',6.00,1062.37),(136,503,19,2,'Post',5.00,2750.94),(137,855,164,1,'Post',8.00,1332.52),(139,6,163,3,'Delivery',10.00,2949.17),(140,297,94,2,'Collection',5.00,833.64),(143,297,24,2,'Delivery',7.00,2780.63),(144,486,95,1,'Collection',6.00,2545.85),(147,797,21,2,'Post',6.00,1351.15),(148,537,128,3,'Collection',7.00,2425.04),(149,802,146,2,'Delivery',5.00,816.18),(151,479,160,2,'Delivery',7.00,2250.54),(153,771,76,1,'Delivery',5.00,137.37),(154,167,23,2,'Delivery',8.00,2310.37),(155,341,40,3,'FedeX',6.00,1475.96),(156,941,116,3,'Post',5.00,2101.62),(157,896,108,3,'FedeX',5.00,832.17),(158,707,19,2,'FedeX',6.00,56.14),(159,579,65,2,'Post',10.00,2254.08),(160,136,162,3,'Post',9.00,1265.60),(162,916,70,2,'FedeX',6.00,1613.10),(166,568,28,3,'FedeX',9.00,1339.73),(167,780,21,2,'Post',9.00,1546.67),(168,292,100,2,'Delivery',9.00,2242.89),(172,308,63,1,'FedeX',8.00,159.02),(173,710,27,2,'Post',10.00,2437.33),(174,735,117,2,'Delivery',8.00,1238.06),(175,462,163,1,'Delivery',7.00,105.10),(176,62,54,1,'FedeX',7.00,819.28),(177,14,21,1,'Delivery',5.00,313.58),(178,238,157,2,'Post',8.00,208.59),(179,673,3,1,'FedeX',7.00,82.78),(180,82,6,2,'Delivery',9.00,718.33),(181,522,151,2,'Post',7.00,2088.57),(183,361,106,2,'Post',5.00,2414.84),(184,125,114,1,'Collection',7.00,2778.66),(185,658,36,2,'FedeX',6.00,2098.79),(186,237,79,2,'Post',8.00,822.06),(188,156,80,3,'Post',5.00,684.30),(189,228,26,1,'FedeX',8.00,645.22),(191,394,92,3,'FedeX',10.00,2938.67),(194,597,25,3,'Delivery',10.00,2983.78),(195,460,85,2,'Collection',5.00,1237.06),(196,591,115,1,'FedeX',7.00,183.62),(197,363,100,3,'Post',8.00,1709.01),(198,211,5,3,'Delivery',10.00,1703.48),(199,582,75,1,'Post',7.00,1034.02),(202,870,52,3,'Delivery',6.00,2433.91),(205,403,18,2,'Delivery',5.00,626.96),(207,386,100,3,'Delivery',6.00,1549.76),(209,588,89,3,'FedeX',8.00,376.68),(210,927,81,3,'FedeX',9.00,1451.42),(212,842,151,3,'Delivery',6.00,1763.99),(213,818,2,1,'Post',10.00,1368.51),(214,736,92,2,'FedeX',9.00,95.47),(216,190,124,2,'FedeX',5.00,1426.05),(217,732,8,3,'FedeX',6.00,501.63),(218,258,84,2,'Delivery',5.00,829.02),(219,407,160,2,'Collection',7.00,254.07),(221,768,56,1,'Delivery',7.00,1184.03),(222,384,153,1,'Post',9.00,2280.53),(223,510,49,2,'FedeX',5.00,560.34),(228,770,13,2,'Delivery',9.00,2881.24),(229,41,42,3,'Post',6.00,2839.87),(230,586,83,2,'Post',5.00,2035.97),(231,510,54,2,'Post',9.00,76.49),(232,438,134,1,'Collection',10.00,2732.76),(233,257,82,3,'Delivery',5.00,2437.47),(234,347,4,1,'Delivery',10.00,1229.52),(235,161,34,2,'Delivery',10.00,2786.42),(236,47,42,2,'Post',7.00,497.99),(237,844,20,3,'Post',9.00,1008.69),(238,533,106,2,'Post',6.00,1740.09),(240,916,83,3,'Delivery',6.00,606.89),(242,640,16,3,'Collection',5.00,2973.32),(243,209,128,3,'Delivery',10.00,1034.52),(245,376,58,1,'FedeX',6.00,1860.77),(246,166,79,2,'FedeX',10.00,1606.18),(247,49,27,3,'Collection',8.00,2462.31),(249,702,96,3,'Collection',5.00,1013.22),(251,776,138,2,'FedeX',7.00,1457.10),(252,125,161,3,'Post',6.00,904.19),(256,526,114,3,'FedeX',7.00,2992.46),(257,796,8,2,'FedeX',6.00,2172.53),(258,303,150,1,'Post',10.00,1412.55),(263,451,99,1,'FedeX',10.00,754.01),(264,752,86,2,'Collection',9.00,2249.50),(265,5,70,1,'Delivery',6.00,777.96),(268,94,91,3,'Delivery',10.00,2119.70),(269,905,110,3,'Collection',6.00,135.96),(270,214,42,1,'Collection',10.00,343.45),(271,642,13,3,'Collection',10.00,896.81),(272,813,151,1,'Delivery',6.00,1052.73),(273,334,44,1,'Collection',8.00,2684.61),(274,840,52,3,'Delivery',8.00,1621.10),(275,41,53,2,'FedeX',5.00,1343.69),(278,701,47,2,'Post',6.00,1994.91),(279,68,79,3,'Delivery',10.00,1799.34),(280,440,84,2,'FedeX',10.00,2779.05),(283,328,122,1,'Delivery',10.00,237.99),(284,897,88,1,'Collection',7.00,2317.91),(286,111,42,1,'Post',10.00,2525.01),(287,864,39,3,'Delivery',10.00,348.74),(288,360,86,3,'Collection',7.00,2167.89),(289,927,133,3,'Delivery',8.00,2296.86),(290,262,15,2,'FedeX',10.00,1710.88),(294,695,68,1,'Collection',5.00,2459.55),(295,558,34,1,'FedeX',6.00,394.94),(297,346,87,1,'Post',5.00,444.01),(299,136,25,1,'FedeX',5.00,2930.33),(300,492,131,3,'Delivery',9.00,352.36),(303,218,80,2,'Delivery',7.00,2289.65),(306,37,120,3,'Delivery',6.00,1807.16),(307,707,107,2,'Post',5.00,864.04),(308,274,33,1,'Post',8.00,2536.45),(309,439,1,3,'FedeX',8.00,722.45),(311,782,36,3,'Collection',10.00,2819.46),(314,467,81,1,'FedeX',5.00,505.94),(315,359,75,1,'FedeX',10.00,1159.58),(317,43,71,2,'FedeX',9.00,1404.77),(318,245,123,2,'Delivery',6.00,1835.96),(319,567,44,3,'Post',10.00,2114.81),(320,787,70,2,'Collection',5.00,1906.41),(321,255,162,1,'FedeX',6.00,2906.97),(322,455,136,3,'Post',7.00,2882.82),(323,205,70,3,'Post',6.00,1324.33),(325,651,59,3,'Delivery',9.00,366.60),(326,62,8,3,'Collection',8.00,629.41),(328,110,64,3,'Post',10.00,2957.28),(329,778,56,3,'Post',6.00,1981.09),(332,533,6,3,'FedeX',10.00,2413.79),(336,520,118,3,'Collection',6.00,122.96),(337,307,6,3,'FedeX',10.00,1163.26),(339,91,67,2,'FedeX',5.00,1237.43),(340,880,31,2,'Collection',10.00,2223.26),(341,972,95,1,'Delivery',6.00,2336.62),(343,398,53,1,'Post',9.00,269.41),(345,308,118,1,'Collection',5.00,634.53),(346,361,45,3,'FedeX',7.00,1215.72),(347,439,94,3,'Delivery',7.00,774.70),(349,264,6,3,'Delivery',6.00,2845.49),(350,952,82,3,'FedeX',8.00,388.79),(352,922,11,3,'FedeX',6.00,2952.91),(354,303,10,3,'FedeX',9.00,817.12),(355,417,28,1,'Delivery',5.00,1917.28),(356,368,65,1,'Delivery',9.00,760.74),(357,581,56,1,'FedeX',5.00,2905.27),(358,680,81,3,'Delivery',5.00,1374.36),(359,211,161,1,'Collection',7.00,2295.21),(361,271,149,2,'Collection',5.00,1229.03),(363,595,132,1,'Collection',7.00,1003.02),(365,893,92,1,'Post',10.00,2896.41),(367,77,13,1,'FedeX',6.00,809.33),(369,350,128,3,'Collection',8.00,1864.47),(370,533,74,2,'Collection',8.00,662.30),(375,489,12,3,'Post',8.00,2436.45),(378,764,102,2,'Collection',8.00,2179.47),(379,475,14,2,'Post',10.00,1402.55),(382,319,132,3,'Collection',8.00,2153.02),(384,598,58,3,'Delivery',7.00,2144.39),(385,358,9,2,'Delivery',6.00,1605.62),(386,241,15,2,'Post',5.00,1322.53),(387,778,118,2,'FedeX',7.00,2894.12),(389,367,27,1,'FedeX',5.00,750.54),(390,245,148,3,'Collection',10.00,372.55),(391,857,160,1,'Collection',8.00,78.27),(394,88,103,3,'Delivery',8.00,2800.86),(395,700,48,3,'Post',10.00,2342.17),(397,193,151,2,'Post',8.00,2558.81),(400,269,23,2,'FedeX',7.00,2365.66),(401,735,123,3,'Collection',7.00,646.66),(402,905,93,3,'Collection',10.00,943.41),(403,954,95,1,'Collection',9.00,1510.50),(406,57,106,3,'Post',10.00,736.12),(407,68,13,1,'Collection',9.00,1038.22),(410,791,146,3,'Collection',7.00,437.57),(413,838,148,2,'Post',6.00,1378.89),(414,899,125,3,'Delivery',8.00,2174.80),(416,171,153,2,'Post',10.00,1190.40),(419,442,141,1,'Delivery',5.00,1245.96),(420,315,119,3,'FedeX',7.00,890.94),(421,238,34,2,'Post',10.00,99.51),(424,348,22,2,'Collection',5.00,500.00),(425,943,95,2,'FedeX',5.00,1452.72),(426,103,147,2,'Post',5.00,1808.16),(427,385,2,1,'Post',7.00,873.97),(428,828,106,2,'FedeX',10.00,1960.03),(429,442,13,1,'FedeX',5.00,333.46),(431,443,7,1,'Post',10.00,1250.46),(432,393,101,3,'Collection',9.00,2274.32),(437,734,98,3,'Collection',8.00,590.57),(439,325,109,2,'Delivery',7.00,200.10),(440,870,8,1,'Delivery',9.00,1666.67),(441,623,71,3,'Post',10.00,2355.38),(442,447,60,1,'Post',6.00,104.77),(443,503,63,1,'Post',9.00,253.85),(444,596,78,1,'FedeX',7.00,640.64),(445,233,155,2,'Collection',7.00,2787.94),(449,149,37,3,'FedeX',7.00,248.76),(452,406,126,3,'FedeX',5.00,2200.96),(453,810,25,3,'FedeX',7.00,119.03),(454,153,163,1,'Post',5.00,1313.65),(455,972,142,1,'FedeX',5.00,409.82),(456,439,49,1,'Delivery',5.00,752.31),(457,161,10,1,'Collection',6.00,313.97),(459,255,49,2,'Collection',5.00,1173.52),(460,441,1,3,'FedeX',9.00,2492.86),(462,872,18,1,'FedeX',9.00,1320.54),(465,442,9,2,'Collection',8.00,1762.47),(466,328,138,1,'Collection',10.00,367.42),(467,937,78,2,'Post',5.00,1445.05),(468,249,129,3,'Post',8.00,901.42),(470,852,62,1,'Delivery',10.00,1313.27),(471,676,120,1,'FedeX',5.00,2728.41),(472,712,22,2,'Collection',5.00,778.01),(474,941,150,3,'Delivery',10.00,2233.77),(475,739,160,1,'Collection',8.00,2015.59),(476,515,56,2,'Collection',8.00,2733.19),(477,235,107,1,'Post',9.00,1036.57),(478,10,126,3,'Post',7.00,2271.09),(479,786,128,1,'Post',10.00,1958.52),(480,859,51,2,'Delivery',9.00,556.41),(482,131,147,2,'Delivery',7.00,2301.43),(483,749,75,3,'Post',7.00,1739.83),(484,85,27,3,'Delivery',6.00,2283.65),(487,423,12,3,'FedeX',10.00,2165.53),(489,309,100,3,'Collection',9.00,1916.69),(490,271,30,3,'FedeX',7.00,1797.35),(491,111,34,1,'FedeX',10.00,741.59),(492,723,131,3,'Delivery',6.00,1632.39),(493,6,146,1,'Post',6.00,2964.89),(494,708,99,1,'FedeX',7.00,1732.99),(496,650,145,3,'Post',6.00,2061.06),(497,673,141,3,'Collection',5.00,1289.76),(498,300,57,3,'Collection',5.00,1452.99),(499,334,14,2,'FedeX',9.00,1413.54),(500,840,137,2,'Post',6.00,1830.87),(501,171,102,2,'Post',8.00,1671.69),(503,672,157,2,'Delivery',5.00,2795.67),(504,362,20,3,'Delivery',9.00,102.60),(505,363,33,2,'Delivery',5.00,2855.76),(506,6,42,1,'Post',7.00,675.56),(508,664,75,3,'Delivery',6.00,2831.00),(516,523,158,1,'Delivery',7.00,2885.40),(518,769,95,2,'Delivery',10.00,1903.68),(520,279,145,3,'Delivery',8.00,1188.93),(521,825,163,1,'Post',5.00,1445.86),(525,178,27,3,'Collection',5.00,2891.77),(529,783,7,2,'FedeX',6.00,368.15),(530,461,162,2,'Post',5.00,2748.94),(531,945,39,2,'Post',7.00,1578.47),(533,133,74,1,'Collection',8.00,2068.92),(534,658,14,1,'Collection',8.00,378.60),(536,96,84,2,'Post',6.00,20.05),(537,425,122,3,'Delivery',5.00,2145.17),(538,167,113,2,'Post',5.00,324.62),(539,896,68,1,'Delivery',10.00,2694.40),(540,164,34,1,'FedeX',5.00,1374.62),(542,402,61,1,'Post',9.00,2714.05),(543,638,160,3,'FedeX',5.00,22.45),(544,33,4,2,'Collection',8.00,546.83),(549,922,115,1,'FedeX',10.00,1777.69),(555,164,148,2,'FedeX',6.00,2970.20),(556,271,87,1,'FedeX',5.00,117.70),(557,62,4,3,'Collection',5.00,332.26),(558,17,45,2,'Post',6.00,1981.15),(559,532,1,2,'FedeX',6.00,2191.62),(560,46,58,3,'Delivery',5.00,893.17),(561,640,60,3,'FedeX',6.00,1310.92),(562,583,23,1,'Post',10.00,502.31),(563,517,96,1,'Post',10.00,1842.91),(567,736,11,3,'Collection',9.00,2744.54),(568,612,76,2,'Post',8.00,322.52),(569,859,136,1,'Collection',9.00,1880.81),(571,50,7,3,'FedeX',5.00,1771.88),(572,898,60,3,'Collection',10.00,1137.55),(573,194,84,1,'Delivery',9.00,2360.51),(574,215,25,1,'Delivery',8.00,134.64),(578,145,130,1,'Post',6.00,2662.73),(579,276,30,1,'Post',7.00,2212.10),(580,739,102,3,'Collection',7.00,158.76),(583,182,99,2,'Post',9.00,320.29),(586,477,35,1,'Collection',6.00,1319.24),(587,710,92,1,'Collection',9.00,700.45),(588,613,140,1,'Collection',10.00,219.12),(590,374,103,1,'Post',5.00,450.41),(591,361,18,3,'FedeX',10.00,1802.81),(592,475,102,1,'Post',5.00,2235.29),(593,554,40,2,'Collection',5.00,207.37),(594,469,43,1,'FedeX',7.00,1177.96),(596,251,117,2,'Delivery',7.00,1114.94),(597,790,125,2,'Post',9.00,1389.09),(598,676,125,2,'Collection',10.00,645.32),(599,554,83,2,'Post',10.00,2788.43),(601,491,76,1,'Collection',8.00,2144.52),(602,214,121,1,'Collection',6.00,100.98),(603,398,7,2,'Post',9.00,1399.50),(605,542,92,3,'Delivery',9.00,1950.31),(606,170,59,2,'Post',5.00,1733.01),(607,896,49,2,'Delivery',6.00,565.85),(609,826,116,3,'Post',10.00,2051.85),(612,782,24,2,'Delivery',5.00,1264.84),(614,341,52,2,'Post',6.00,729.07),(615,854,116,1,'Delivery',6.00,134.62),(616,384,97,3,'FedeX',8.00,2717.10),(619,744,108,3,'Post',7.00,1576.89),(621,349,101,1,'Post',9.00,1456.08),(622,296,66,2,'Post',10.00,953.83),(623,363,136,3,'FedeX',8.00,658.43),(624,777,48,2,'FedeX',6.00,1903.74),(625,353,35,1,'Post',7.00,2767.59),(627,956,44,3,'FedeX',5.00,2373.86),(628,170,115,3,'Post',9.00,1275.77),(630,517,124,1,'Post',7.00,1151.46),(631,689,73,1,'FedeX',7.00,1027.08),(632,145,117,1,'Collection',6.00,2993.86),(634,133,81,1,'FedeX',6.00,98.39),(635,721,18,2,'FedeX',10.00,2153.82),(636,410,41,2,'Post',8.00,702.20),(637,122,76,1,'FedeX',7.00,776.02),(638,764,138,2,'FedeX',9.00,1491.28),(640,727,146,3,'FedeX',6.00,1431.31),(641,361,27,3,'FedeX',6.00,2898.42),(643,662,116,2,'FedeX',5.00,1685.28),(644,453,40,3,'Collection',7.00,849.24),(647,675,105,1,'Post',5.00,419.08),(648,471,106,2,'Delivery',7.00,2390.52),(649,765,71,2,'Post',10.00,2326.04),(652,237,28,3,'Post',10.00,1739.91),(653,115,120,3,'FedeX',8.00,124.80),(654,491,78,2,'Collection',5.00,1951.21),(655,488,92,1,'FedeX',10.00,2700.84),(657,870,47,2,'Post',8.00,2779.63),(659,956,122,2,'FedeX',8.00,1951.85),(661,755,151,1,'Post',5.00,1393.19),(662,545,10,1,'FedeX',9.00,757.28),(663,338,151,3,'Post',6.00,2939.16),(665,853,83,1,'FedeX',7.00,1167.89),(667,380,118,3,'Post',7.00,2234.07),(668,344,104,3,'Delivery',5.00,460.68),(669,212,140,3,'Delivery',6.00,2144.00),(670,295,39,2,'Post',6.00,2790.21),(671,167,143,1,'Delivery',10.00,1137.68),(673,23,15,2,'Delivery',6.00,1903.06),(675,539,93,2,'FedeX',9.00,250.50),(676,16,128,2,'Post',7.00,1143.72),(679,423,103,1,'FedeX',5.00,2777.12),(680,227,21,1,'Collection',7.00,269.11),(681,258,45,3,'Collection',5.00,2459.88),(682,737,117,3,'Delivery',7.00,822.61),(683,482,90,3,'Post',9.00,2973.29),(687,12,85,2,'FedeX',6.00,2100.55),(689,109,31,1,'Collection',5.00,625.52),(692,783,93,1,'Post',6.00,1699.14),(698,298,25,3,'Collection',7.00,186.67),(700,721,42,1,'Post',8.00,1640.75),(704,730,40,2,'Post',10.00,1448.65),(705,361,19,3,'Delivery',9.00,2368.10),(707,673,68,2,'Post',5.00,2824.37),(708,730,106,3,'Delivery',5.00,1224.86),(709,66,47,3,'Collection',8.00,1825.24),(710,172,133,1,'Delivery',9.00,1068.24),(713,194,39,1,'Post',10.00,842.75),(714,899,32,2,'Delivery',8.00,114.42),(715,543,130,3,'Delivery',6.00,1417.72),(716,213,127,3,'Delivery',9.00,329.47),(718,951,27,2,'Delivery',9.00,1174.74),(719,810,25,3,'Collection',9.00,1807.66),(720,581,112,2,'Post',9.00,642.62),(721,832,56,1,'Post',6.00,368.26),(724,518,50,2,'Delivery',6.00,1448.76),(725,323,88,3,'FedeX',9.00,2184.16),(726,262,39,3,'Delivery',7.00,328.79),(727,283,78,3,'Post',6.00,1451.19),(728,940,38,3,'Collection',6.00,2088.42),(729,580,108,1,'FedeX',7.00,938.38),(730,68,72,1,'Post',5.00,1410.61),(731,143,162,1,'Collection',7.00,1614.98),(732,271,139,1,'Post',7.00,259.78),(733,841,62,3,'FedeX',8.00,2882.59),(736,739,51,2,'Post',8.00,2843.07),(739,881,146,3,'Post',9.00,2612.28),(740,801,12,3,'FedeX',9.00,46.76),(743,336,118,1,'Post',6.00,1689.37),(744,353,24,2,'FedeX',7.00,2138.53),(745,85,21,2,'Post',10.00,1010.52),(748,472,40,3,'Post',10.00,1454.20),(751,707,34,2,'FedeX',9.00,654.79),(752,310,69,1,'Delivery',5.00,271.08),(754,609,23,3,'Post',10.00,25.73),(756,323,164,3,'FedeX',5.00,1051.43),(757,952,71,2,'Delivery',7.00,2881.34),(759,227,58,1,'Collection',7.00,1508.57),(760,176,126,1,'FedeX',8.00,2214.20),(761,62,116,1,'Post',5.00,993.38),(762,554,102,2,'Delivery',8.00,2435.42),(764,564,42,3,'FedeX',6.00,2978.30),(766,228,4,1,'Post',7.00,1431.77),(767,140,76,3,'Post',8.00,1431.75),(769,517,50,1,'Collection',5.00,1555.58),(771,173,97,1,'Post',10.00,2657.52),(772,27,16,1,'Collection',5.00,1748.87),(774,112,113,1,'Post',6.00,2687.11),(776,480,126,3,'Post',5.00,2741.77),(780,867,27,3,'Collection',9.00,174.86),(781,88,18,3,'Delivery',8.00,513.61),(782,583,9,3,'Collection',7.00,2108.93),(783,460,128,1,'FedeX',8.00,1202.14),(784,885,47,1,'Post',5.00,2976.89),(785,32,123,3,'Collection',8.00,2579.73),(786,686,79,3,'Post',5.00,1879.15),(787,341,72,2,'Post',6.00,2751.97),(788,553,122,3,'Collection',9.00,1121.28),(789,603,90,3,'Post',10.00,1684.67),(790,798,1,1,'Post',7.00,603.90),(791,240,109,1,'Delivery',10.00,781.70),(792,802,156,2,'Post',5.00,1006.78),(794,511,31,3,'Post',8.00,2134.46),(796,576,50,2,'FedeX',10.00,490.80),(798,166,117,2,'Post',7.00,2425.86),(799,587,20,3,'Collection',9.00,2778.34),(800,196,103,1,'Delivery',10.00,1485.87),(801,314,151,3,'FedeX',10.00,2743.63),(802,455,36,1,'Delivery',5.00,434.14),(804,840,48,3,'Post',9.00,2416.50),(805,101,101,3,'Collection',8.00,401.13),(806,451,55,2,'FedeX',6.00,1268.72),(807,117,118,2,'Collection',6.00,2805.96),(809,469,38,3,'Post',8.00,1327.04),(810,759,22,1,'Collection',5.00,313.17),(811,580,52,1,'FedeX',8.00,1089.81),(813,298,153,1,'FedeX',9.00,1598.63),(816,333,9,2,'FedeX',8.00,1615.74),(818,625,65,3,'Collection',7.00,2163.15),(819,109,91,3,'Post',6.00,993.51),(821,972,144,2,'Delivery',5.00,596.36),(823,616,41,3,'Post',6.00,784.48),(824,167,17,3,'Post',10.00,104.36),(826,410,144,1,'Collection',8.00,511.45),(831,522,55,1,'FedeX',6.00,866.29),(832,193,135,2,'Collection',8.00,2257.62),(833,568,90,2,'Delivery',6.00,2180.42),(838,153,38,3,'Post',6.00,2757.73),(840,295,68,3,'Delivery',7.00,1586.96),(843,292,99,1,'Delivery',5.00,2428.69),(844,298,72,3,'FedeX',5.00,488.47),(845,441,151,2,'FedeX',7.00,472.68),(846,500,73,2,'Post',9.00,619.25),(848,120,144,1,'Post',6.00,1681.51),(849,204,81,2,'Collection',9.00,1474.29),(850,112,99,2,'Delivery',9.00,2990.77),(851,491,62,3,'Delivery',5.00,1449.62),(853,638,151,3,'Delivery',9.00,2282.70),(855,956,122,3,'Delivery',9.00,2603.79),(856,215,129,1,'Collection',6.00,2761.59),(857,698,130,2,'Post',10.00,63.43),(858,199,31,1,'Post',8.00,1344.47),(859,922,101,2,'Post',5.00,496.90),(860,571,34,2,'Collection',5.00,1319.20),(862,542,12,3,'Collection',6.00,2844.52),(863,905,55,1,'Delivery',7.00,1062.67),(865,160,14,3,'Delivery',5.00,322.68),(866,274,60,3,'Post',10.00,2564.89),(867,880,59,1,'Post',10.00,2018.98),(870,341,110,3,'Delivery',9.00,1036.79),(871,852,84,3,'Post',9.00,2171.09),(872,225,118,3,'Collection',8.00,1256.40),(873,364,155,1,'FedeX',6.00,2183.01),(879,399,134,1,'FedeX',8.00,949.04),(880,161,40,2,'FedeX',5.00,353.53),(882,517,54,3,'FedeX',5.00,2997.29),(883,257,105,2,'Delivery',8.00,2676.03),(884,925,154,2,'Post',9.00,2968.85),(886,224,95,3,'Delivery',5.00,234.60),(888,927,159,1,'FedeX',5.00,2659.27),(892,653,119,2,'Post',9.00,1307.58),(893,171,100,2,'Collection',9.00,192.18),(895,713,14,3,'Collection',7.00,2430.70),(896,235,84,3,'Collection',9.00,2695.86),(897,895,129,1,'Delivery',7.00,2545.20),(898,155,84,1,'Post',7.00,754.36),(900,969,106,3,'FedeX',6.00,1480.48),(901,721,140,1,'Collection',9.00,1669.67),(902,700,71,1,'Post',8.00,2244.45),(903,340,115,3,'FedeX',6.00,2188.31),(906,659,161,2,'Post',6.00,2690.81),(907,586,144,1,'FedeX',6.00,2660.77),(908,719,27,2,'Post',6.00,2695.47),(909,792,147,3,'Delivery',5.00,2717.31),(910,295,123,1,'FedeX',10.00,176.95),(911,795,8,3,'Collection',10.00,679.19),(913,398,134,3,'Collection',7.00,2032.30),(915,130,75,2,'Post',9.00,577.17),(916,215,131,1,'FedeX',6.00,470.67),(917,169,18,2,'Delivery',6.00,879.63),(918,515,50,1,'Post',6.00,1399.13),(919,871,144,1,'Collection',6.00,391.32),(922,320,60,3,'Post',8.00,1297.51),(924,940,122,1,'FedeX',5.00,81.28),(928,311,92,1,'Post',8.00,64.88),(929,611,81,3,'Collection',7.00,67.86),(934,214,109,1,'Post',7.00,1033.83),(940,175,14,3,'Post',6.00,2110.71),(942,112,54,3,'Delivery',9.00,289.75),(944,803,75,3,'FedeX',5.00,1567.00),(946,672,23,1,'Collection',6.00,1940.71),(947,940,12,3,'FedeX',9.00,1145.64),(948,700,24,3,'Post',10.00,1513.97),(949,140,142,3,'Delivery',9.00,929.94),(951,353,146,3,'FedeX',8.00,2987.93),(953,643,45,2,'Delivery',9.00,229.08),(954,392,31,2,'FedeX',6.00,802.30),(955,889,151,1,'Post',9.00,1364.60),(957,612,148,3,'FedeX',7.00,1081.51),(959,331,68,2,'Post',7.00,2792.12),(961,135,139,3,'FedeX',9.00,2241.07),(962,587,88,1,'FedeX',10.00,2227.19),(963,875,22,3,'Collection',8.00,1228.60),(964,883,52,2,'Delivery',8.00,2669.75),(965,688,164,3,'Collection',8.00,412.73),(970,91,9,3,'FedeX',9.00,1575.76),(971,332,31,2,'FedeX',5.00,1965.10),(972,885,76,3,'Collection',10.00,537.93),(973,761,130,1,'Post',7.00,908.65),(974,881,76,1,'Delivery',8.00,2583.41),(975,33,158,1,'FedeX',8.00,1469.56),(976,641,65,3,'FedeX',9.00,1314.61),(977,581,33,2,'Post',5.00,45.90),(978,959,127,3,'FedeX',9.00,1685.59),(979,32,154,3,'Post',6.00,2077.89);
/*!40000 ALTER TABLE `Contain` ENABLE KEYS */;
UNLOCK TABLES;

--
-- Table structure for table `Items`
--

DROP TABLE IF EXISTS `Items`;
/*!40101 SET @saved_cs_client     = @@character_set_client */;
/*!50503 SET character_set_client = utf8mb4 */;
CREATE TABLE `Items` (
  `itemID` int NOT NULL,
  `itemName` varchar(255) DEFAULT NULL,
  `itemDescription` varchar(255) DEFAULT NULL,
  `quantityInStock` int DEFAULT NULL,
  `brand` varchar(30) DEFAULT NULL,
  `salesPrice` decimal(19,2) DEFAULT NULL,
  PRIMARY KEY (`itemID`)
) ENGINE=InnoDB DEFAULT CHARSET=utf8mb4 COLLATE=utf8mb4_0900_ai_ci;
/*!40101 SET character_set_client = @saved_cs_client */;

--
-- Dumping data for table `Items`
--

LOCK TABLES `Items` WRITE;
/*!40000 ALTER TABLE `Items` DISABLE KEYS */;
INSERT INTO `Items` VALUES (1,'Road Bike','Red Bicycle Adult',3,'Giant',645.50),(2,'Road Bike','Gray Bicycle Adult',2,'Giant',645.50),(3,'Helmet','Black Helmet Adult',2,'Giro',32.20),(4,'Electric Bike','Bakery Electric Bike (2021) White',2,'Bergamount',3899.00),(5,'Electric Bike','E-Revox 4 Electric Bike 2021 Blue',3,'Bergamount',2599.00),(6,'Electric Bike','E-Revox 4 Electric Bike 2021 Blue',3,'Bergamount',2599.00),(7,'Electric Bike','Centros Low Step Derailleur Electric Bike 2020 Black',2,'Raleigh',2452.50),(8,'Helmet Adult','Puce',5,'Raleigh',56.47),(9,'Helmet Adult','Pink',5,'Giro',29.49),(10,'Helmet Adult','Pink',4,'Bell',47.02),(11,'Helmet Adult','Puce',3,'MET',64.90),(12,'Helmet Adult','Khaki',3,'Raleigh',62.62),(13,'Helmet Kids','Fuscia',2,'Scott',30.20),(14,'Helmet Adult','Crimson',4,'Giro',27.22),(15,'Helmet Adult','Red',3,'Bell',39.95),(16,'Helmet Kids','Puce',5,'Raleigh',51.05),(17,'Helmet Adult','Blue',4,'Scott',36.73),(18,'Helmet Adult','Red',1,'Bell',26.70),(19,'Helmet Adult','Puce',1,'Raleigh',61.92),(20,'Helmet Adult','Orange',4,'Bell',37.83),(21,'Helmet Kids','Orange',4,'Abus',28.69),(22,'Helmet Adult','Indigo',3,'Bell',48.50),(23,'Helmet Kids','Turquoise',2,'Abus',52.97),(24,'Helmet Adult','Red',4,'Abus',52.74),(25,'Helmet Adult','Violet',4,'Bell',35.88),(26,'Helmet Adult','Goldenrod',2,'Raleigh',33.67),(27,'Helmet Adult','Aquamarine',5,'Abus',58.48),(28,'Helmet Adult','Maroon',4,'MET',54.90),(29,'Helmet Kids','Red',5,'Abus',50.71),(30,'Helmet Adult','Aquamarine',1,'Raleigh',59.34),(31,'Helmet Adult','Pink',1,'Scott',50.45),(32,'Helmet Adult','Purple',2,'Scott',38.87),(33,'Helmet Adult','Maroon',2,'Giro',35.23),(34,'Helmet Adult','Fuscia',3,'Abus',52.52),(35,'Helmet Adult','Aquamarine',5,'Bell',56.82),(36,'Helmet Adult','Fuscia',4,'MET',56.87),(37,'Helmet Adult','Aquamarine',4,'Scott',45.87),(38,'Back Light','Gray',2,'Raleigh',25.55),(39,'Front Light','Silver',5,'Cateye',14.03),(40,'Light Set','Gray',3,'Blackburn',25.69),(41,'Back Light','Black',6,'Raleigh',31.59),(42,'Front Light','Black',6,'Cateye',33.02),(43,'Light Set','Black',5,'Cateye',12.14),(44,'Back Light','Silver',1,'Blackburn',7.99),(45,'Front Light','Silver',3,'Cateye',32.77),(46,'Light Set','Silver',1,'Cateye',13.07),(47,'Back Light','Gray',6,'Raleigh',11.01),(48,'Front Light','Black',10,'Raleigh',22.14),(49,'Light Set','Gray',4,'Raleigh',8.75),(50,'Back Light','Black',9,'Cateye',17.75),(51,'Front Light','Silver',3,'Raleigh',36.40),(52,'Light Set','Silver',7,'Raleigh',29.76),(53,'Back Light','Silver',5,'Blackburn',43.46),(54,'Front Light','Silver',4,'Blackburn',17.56),(55,'Light Set','Gray',7,'Cateye',40.13),(56,'Back Light','Black',10,'Cateye',5.96),(57,'Front Light','Gray',4,'Raleigh',9.52),(58,'Electric Bike','White',2,'Raleigh',2447.44),(59,'Electric Bike','Red',2,'Bergamont',3208.06),(60,'Electric Bike','Blue',2,'Giant',2746.14),(61,'Electric Bike','Black',1,'Bergamont',2899.83),(62,'Electric Bike','Red',3,'Raleigh',3259.63),(63,'Electric Bike','White',3,'Scott',2198.34),(64,'Electric Bike','Silver',3,'Raleigh',3050.04),(65,'Electric Bike','Blue',3,'Raleigh',1955.55),(66,'Electric Bike','Gray',3,'Raleigh',2739.09),(67,'Electric Bike','Gray',2,'Raleigh',1942.79),(68,'Electric Bike','White',2,'Giant',1847.68),(69,'Electric Bike','Silver',3,'Giant',1489.42),(70,'Electric Bike','Red',1,'Bergamont',1923.47),(71,'Electric Bike','White',1,'Raleigh',2714.53),(72,'Electric Bike','Blue',2,'Bergamont',2287.69),(73,'Electric Bike','Silver',1,'Raleigh',1708.37),(74,'Electric Bike','Black',3,'Giant',2546.75),(75,'Electric Bike','Black',3,'Giant',1803.33),(76,'Electric Bike','Black',2,'Bergamont',2815.46),(77,'Electric Bike','Blue',1,'Raleigh',2508.07),(78,'Electric Bike','Gray',3,'Giant',3114.21),(79,'Electric Bike','White',1,'Scott',2106.12),(80,'Electric Bike','Red',2,'Giant',2672.20),(81,'Electric Bike','Silver',3,'Raleigh',1561.09),(82,'Electric Bike','Blue',3,'Scott',2840.39),(83,'Electric Bike','White',3,'Bergamont',2411.58),(84,'Electric Bike','White',2,'Giant',3161.53),(85,'Electric Bike','Gray',1,'Giant',2177.38),(86,'Electric Bike','Blue',3,'Raleigh',2823.26),(87,'Electric Bike','White',3,'Bergamont',1811.53),(88,'Hybrid Bike','Gray',3,'Cinzia',2072.38),(89,'Hybrid Bike','Dark Blue',2,'Cinzia',2144.10),(90,'Mountain Bike','Blue',2,'Scott',1765.61),(91,'Gravel Bike','Black',3,'Merida',2248.95),(92,'Hybrid Bike','Red',1,'Raleigh',2085.69),(93,'Hybrid Bike','Silver',2,'Ridgeback',1722.08),(94,'Hybrid Bike','Silver',3,'Bergamont',2447.25),(95,'Gravel Bike','Blue',2,'Bergamont',2767.53),(96,'Road Bike','Dark Blue',2,'Giant',2577.84),(97,'Hybrid Bike','Dark Blue',3,'Raleigh',1326.28),(98,'Gravel Bike','Blue',1,'Giant',999.57),(99,'Gravel Bike','Red',2,'Bergamont',1818.71),(100,'Hybrid Bike','Black',1,'Bergamont',1645.93),(101,'Gravel Bike','Dark Blue',3,'Ridgeback',642.36),(102,'Gravel Bike','Gray',3,'Merida',2579.91),(103,'Gravel Bike','Red',3,'Raleigh',1181.53),(104,'Gravel Bike','Black',1,'Merida',1980.81),(105,'Mountain Bike','Black',1,'Ridgeback',2363.27),(106,'Gravel Bike','Silver',2,'Cinzia',2135.26),(107,'Hybrid Bike','Dark Blue',1,'Cinzia',1854.12),(108,'Road Bike','Red',1,'Scott',1852.96),(109,'Road Bike','Black',3,'Ridgeback',1255.66),(110,'Mountain Bike','Red',3,'Giant',781.57),(111,'Gravel Bike','Dark Blue',1,'Scott',1161.00),(112,'Hybrid Bike','Red',1,'Raleigh',1254.05),(113,'Mountain Bike','White',3,'Cinzia',1846.62),(114,'Mountain Bike','White',2,'Giant',1815.16),(115,'Mountain Bike','Blue',2,'Bergamont',1861.53),(116,'Mountain Bike','Gray',1,'Raleigh',2819.00),(117,'Mountain Bike','Gray',2,'Giant',1701.46),(118,'Road Bike','Black',2,'Giant',1058.14),(119,'Mountain Bike','Blue',1,'Scott',986.67),(120,'Gravel Bike','Gray',2,'Raleigh',894.15),(121,'Hybrid Bike','White',2,'Scott',1944.88),(122,'Gravel Bike','Gray',2,'Ridgeback',2398.99),(123,'Road Bike','Gray',3,'Raleigh',2486.27),(124,'Road Bike','Silver',1,'Raleigh',1196.58),(125,'Gravel Bike','Red',2,'Cinzia',623.53),(126,'Road Bike','Blue',2,'Scott',366.13),(127,'Mountain Bike','Blue',3,'Cinzia',1346.53),(128,'Gravel Bike','Black',2,'Giant',1450.12),(129,'Road Bike','Blue',2,'Cinzia',605.94),(130,'Mountain Bike','Black',1,'Raleigh',2246.33),(131,'Road Bike','Blue',3,'Giant',2163.55),(132,'Mountain Bike','Dark Blue',3,'Raleigh',1091.67),(133,'Mountain Bike','Silver',1,'Giant',2336.89),(134,'Hybrid Bike','Dark Blue',2,'Bergamont',1178.58),(135,'Hybrid Bike','Gray',1,'Scott',1526.91),(136,'Hybrid Bike','Red',2,'Cinzia',2843.46),(137,'Hybrid Bike','Gray',1,'Scott',1356.44),(138,'Hybrid Bike','Blue',3,'Giant',2725.50),(139,'Hybrid Bike','Blue',2,'Cinzia',961.32),(140,'Mountain Bike','Silver',3,'Giant',2434.18),(141,'Road Bike','Gray',2,'Cinzia',1385.19),(142,'Gravel Bike','Blue',1,'Ridgeback',2740.22),(143,'Road Bike','Red',3,'Cinzia',2257.78),(144,'Mountain Bike','Silver',3,'Ridgeback',1531.73),(145,'Mountain Bike','Silver',3,'Giant',1772.83),(146,'Hybrid Bike','White',1,'Giant',1836.67),(147,'Gravel Bike','Black',3,'Merida',759.62),(148,'Mountain Bike','Black',3,'Raleigh',2710.84),(149,'Gravel Bike','White',3,'Ridgeback',1798.11),(150,'Hybrid Bike','Red',2,'Scott',1195.83),(151,'Gravel Bike','Dark Blue',1,'Merida',2138.55),(152,'Mountain Bike','Gray',3,'Cinzia',2484.73),(153,'Gravel Bike','Gray',2,'Merida',2333.84),(154,'Hybrid Bike','Silver',2,'Giant',2434.65),(155,'Road Bike','Black',2,'Raleigh',1374.65),(156,'Hybrid Bike','Gray',1,'Cinzia',1145.72),(157,'Gravel Bike','Gray',2,'Giant',2146.82),(158,'Mountain Bike','Dark Blue',1,'Cinzia',2994.62),(159,'Road Bike','Silver',2,'Bergamont',647.93),(160,'Gravel Bike','White',3,'Bergamont',1287.16),(161,'Mountain Bike','Black',1,'Giant',1046.70),(162,'Mountain Bike','Red',3,'Bergamont',2078.25),(163,'Mountain Bike','Black',3,'Bergamont',914.89),(164,'Mountain Bike','Dark Blue',1,'Bergamont',2445.95);
/*!40000 ALTER TABLE `Items` ENABLE KEYS */;
UNLOCK TABLES;

--
-- Temporary view structure for view `items_period`
--

DROP TABLE IF EXISTS `items_period`;
/*!50001 DROP VIEW IF EXISTS `items_period`*/;
SET @saved_cs_client     = @@character_set_client;
/*!50503 SET character_set_client = utf8mb4 */;
/*!50001 CREATE VIEW `items_period` AS SELECT 
 1 AS `clientID`,
 1 AS `orderNumber`,
 1 AS `date_time_Approval`,
 1 AS `quantityOfItems`,
 1 AS `totalValue`*/;
SET character_set_client = @saved_cs_client;

--
-- Table structure for table `Orders`
--

DROP TABLE IF EXISTS `Orders`;
/*!40101 SET @saved_cs_client     = @@character_set_client */;
/*!50503 SET character_set_client = utf8mb4 */;
CREATE TABLE `Orders` (
  `orderNumber` int NOT NULL,
  `date_time_Transaction` datetime DEFAULT NULL,
  `date_time_Approval` datetime DEFAULT NULL,
  `date_time_Dispatched` datetime DEFAULT NULL,
  `clientID` int DEFAULT NULL,
  `memberID` int DEFAULT NULL,
  `itemID` int DEFAULT NULL,
  PRIMARY KEY (`orderNumber`),
  KEY `clientID` (`clientID`),
  KEY `memberID` (`memberID`),
  KEY `itemID` (`itemID`),
  CONSTRAINT `orders_ibfk_1` FOREIGN KEY (`clientID`) REFERENCES `Clients` (`clientID`),
  CONSTRAINT `orders_ibfk_2` FOREIGN KEY (`memberID`) REFERENCES `TeamMember` (`memberID`),
  CONSTRAINT `orders_ibfk_3` FOREIGN KEY (`itemID`) REFERENCES `Items` (`itemID`)
) ENGINE=InnoDB DEFAULT CHARSET=utf8mb4 COLLATE=utf8mb4_0900_ai_ci;
/*!40101 SET character_set_client = @saved_cs_client */;

--
-- Dumping data for table `Orders`
--

LOCK TABLES `Orders` WRITE;
/*!40000 ALTER TABLE `Orders` DISABLE KEYS */;
INSERT INTO `Orders` VALUES (2,'2020-05-01 07:20:30','2020-02-03 04:22:40','2020-07-30 09:37:03',1000,14,130),(4,'2020-01-21 10:10:45','2020-10-10 07:59:30','2020-09-13 13:46:59',496,3,160),(5,'2020-02-22 12:48:47','2020-06-07 19:57:48','2020-04-01 18:07:32',670,18,81),(6,'2020-05-09 03:07:59','2020-12-06 11:30:07','2020-09-12 04:55:50',327,7,79),(7,'2020-10-24 23:30:26','2020-10-19 02:56:30','2020-12-20 02:54:24',710,15,19),(10,'2020-03-08 12:35:38','2020-06-10 02:10:54','2020-11-07 04:10:31',386,20,77),(11,'2020-09-24 08:18:06','2020-03-22 18:54:50','2020-01-22 11:53:27',353,3,45),(12,'2020-03-20 23:48:00','2020-10-08 10:20:22','2020-02-20 12:23:36',457,14,12),(13,'2020-07-28 06:24:49','2020-10-20 17:46:10','2020-04-01 06:10:25',923,1,158),(14,'2020-12-03 18:10:59','2020-05-26 04:15:02','2020-07-06 01:36:58',987,5,45),(16,'2020-08-09 10:49:11','2020-05-23 03:22:56','2020-02-06 00:51:16',756,14,162),(17,'2020-09-24 01:11:36','2020-06-29 03:58:54','2020-08-18 09:46:55',487,12,72),(19,'2020-12-05 10:24:26','2020-08-25 17:32:51','2020-07-21 19:35:35',607,13,32),(21,'2020-08-01 20:05:01','2020-12-18 02:20:31','2020-07-15 12:35:25',793,2,97),(23,'2020-05-09 09:21:30','2020-02-18 21:58:43','2020-07-26 22:16:51',453,17,131),(24,'2020-07-20 23:45:00','2020-02-19 04:36:03','2020-05-24 16:15:02',32,12,110),(27,'2020-04-05 00:38:27','2020-06-28 08:36:44','2020-05-24 03:09:06',703,11,65),(30,'2020-06-20 00:17:35','2020-08-04 00:58:43','2020-10-15 14:15:36',282,12,139),(32,'2020-02-19 20:37:39','2020-03-18 16:58:42','2020-10-07 03:19:04',246,5,115),(33,'2020-01-18 17:36:23','2020-10-11 06:02:47','2020-07-16 18:02:16',658,17,49),(34,'2020-11-21 04:52:36','2020-05-29 19:10:16','2020-10-17 04:58:12',868,11,14),(35,'2020-03-06 04:43:10','2020-06-09 03:53:12','2020-12-25 23:35:08',312,2,65),(36,'2020-12-14 14:44:09','2020-10-15 23:15:18','2020-09-14 11:42:46',867,13,146),(37,'2020-03-17 10:42:40','2020-11-04 08:05:07','2020-05-10 22:25:21',843,20,32),(39,'2020-02-27 06:36:10','2020-07-25 17:00:26','2020-12-20 14:33:20',459,3,148),(41,'2020-09-15 04:43:55','2020-12-04 21:58:11','2020-05-01 23:53:18',232,14,81),(43,'2020-03-11 03:46:31','2020-10-11 17:16:57','2020-03-01 03:10:25',460,3,126),(46,'2020-02-20 19:43:23','2020-07-21 08:23:29','2020-04-26 11:17:36',203,14,110),(47,'2020-08-17 13:00:09','2020-08-31 17:27:47','2020-09-22 22:39:32',335,7,58),(49,'2020-12-10 05:26:59','2020-03-08 07:48:13','2020-01-09 23:08:16',948,8,73),(50,'2020-01-22 22:18:22','2020-05-04 09:05:28','2020-09-08 02:16:29',770,12,156),(53,'2020-03-21 01:56:48','2020-05-06 23:33:35','2020-06-09 14:17:02',947,8,144),(57,'2020-06-19 12:20:00','2020-06-14 18:29:44','2020-06-10 02:53:54',197,3,92),(59,'2020-02-26 13:06:25','2020-10-31 23:29:00','2020-03-28 12:04:52',536,18,37),(60,'2020-08-03 22:47:25','2020-04-08 18:26:54','2020-10-23 02:44:51',448,10,5),(61,'2020-06-01 01:05:58','2020-07-03 23:11:40','2020-11-18 22:17:53',562,18,113),(62,'2020-05-11 00:29:07','2020-06-17 03:01:51','2020-01-07 03:50:19',909,1,72),(64,'2020-10-16 12:03:18','2020-11-23 03:21:37','2020-05-14 17:06:24',601,3,34),(66,'2020-07-10 10:38:13','2020-03-02 09:24:05','2020-02-05 22:22:16',89,9,72),(67,'2020-03-20 14:20:41','2020-06-19 10:44:53','2020-06-02 10:35:25',359,4,99),(68,'2020-11-13 00:25:05','2020-11-20 17:36:02','2020-10-30 22:36:19',571,20,28),(71,'2020-08-21 02:05:35','2020-02-26 05:30:59','2020-12-15 18:09:18',615,16,54),(72,'2020-12-04 03:38:43','2020-05-16 14:48:25','2020-10-09 04:57:21',759,8,154),(75,'2020-09-06 04:28:46','2020-01-19 19:17:00','2020-07-20 02:46:42',824,11,97),(77,'2020-07-19 15:49:49','2020-08-17 04:25:10','2020-09-27 05:50:30',382,17,104),(78,'2020-04-01 03:05:05','2020-11-23 18:58:27','2020-03-19 23:50:00',797,7,36),(82,'2020-01-25 03:51:30','2020-06-12 09:53:26','2020-04-28 00:58:32',692,6,136),(85,'2020-12-26 17:18:00','2020-02-01 08:58:07','2020-01-15 07:10:22',607,21,76),(86,'2020-03-16 07:59:53','2020-05-04 21:24:53','2020-03-02 18:20:08',994,20,64),(88,'2020-03-13 15:08:11','2020-02-17 23:04:28','2020-11-14 08:46:10',153,19,161),(89,'2020-05-06 07:20:15','2020-08-11 15:01:33','2020-09-05 00:45:51',342,7,62),(90,'2020-05-26 02:16:22','2020-08-12 07:00:27','2020-03-03 08:27:20',927,18,18),(91,'2020-11-24 03:43:27','2020-07-22 06:00:21','2020-10-24 14:17:08',945,2,66),(92,'2020-02-14 02:54:08','2020-07-04 19:49:54','2020-06-12 05:19:01',155,20,140),(93,'2020-01-20 16:24:42','2020-08-21 02:11:59','2020-09-09 07:53:48',875,6,2),(94,'2020-10-31 18:21:44','2020-08-18 21:34:35','2020-09-03 06:46:23',704,3,117),(95,'2020-04-04 14:08:37','2020-07-15 18:20:22','2020-11-05 17:37:39',597,4,22),(96,'2020-01-12 01:58:08','2020-01-24 13:35:41','2020-04-26 22:23:15',875,18,67),(100,'2020-01-29 23:04:24','2020-09-03 20:31:17','2020-09-26 09:15:06',394,4,110),(101,'2020-10-22 05:12:52','2020-11-05 23:38:44','2020-10-05 11:55:24',406,3,88),(102,'2020-05-28 10:32:30','2020-12-21 21:06:57','2020-02-03 15:28:34',689,11,126),(103,'2020-01-11 22:51:04','2020-04-08 06:43:58','2020-05-02 19:32:38',144,6,116),(104,'2020-03-25 14:13:42','2020-01-27 11:56:06','2020-02-14 20:40:49',463,18,75),(105,'2020-08-18 08:11:17','2020-07-02 05:04:12','2020-04-22 20:36:53',782,15,104),(106,'2020-01-14 04:46:21','2020-11-14 06:48:55','2020-07-18 00:59:13',358,14,155),(109,'2020-01-30 13:28:20','2020-07-10 21:39:11','2020-06-03 08:26:51',821,8,4),(110,'2020-10-29 21:56:21','2020-07-15 00:04:45','2020-11-10 10:58:56',873,20,72),(111,'2020-05-09 01:44:34','2020-01-09 01:09:50','2020-10-02 14:50:02',335,14,2),(112,'2020-08-31 14:37:58','2020-09-08 15:06:56','2020-08-02 08:21:50',399,3,114),(115,'2020-01-26 03:07:49','2020-08-19 04:54:54','2020-03-28 22:03:39',236,18,164),(116,'2020-02-21 02:43:32','2020-05-23 05:00:46','2020-02-11 16:08:07',859,4,71),(117,'2020-05-31 09:55:10','2020-11-28 12:57:09','2020-04-30 19:27:04',517,12,95),(119,'2020-04-05 01:12:27','2020-10-29 03:38:32','2020-12-28 09:37:10',753,21,1),(120,'2020-01-12 21:30:43','2020-05-05 13:00:54','2020-06-11 00:06:56',866,8,83),(122,'2020-01-20 06:58:22','2020-07-17 05:21:18','2020-06-08 22:02:19',257,15,134),(124,'2020-03-29 10:26:47','2020-12-29 11:06:12','2020-09-20 21:27:16',927,8,58),(125,'2020-04-06 17:59:33','2020-10-05 13:34:06','2020-12-24 07:39:03',884,7,124),(130,'2020-10-02 09:31:22','2020-05-08 23:51:32','2020-02-01 23:14:49',280,9,1),(131,'2020-01-28 12:17:08','2020-09-12 14:01:33','2020-06-23 23:09:44',504,18,4),(133,'2020-06-10 07:32:58','2020-03-12 21:10:29','2020-12-06 16:50:24',711,21,156),(134,'2020-09-03 03:08:12','2020-09-13 04:01:47','2020-12-25 00:53:25',714,21,37),(135,'2020-05-28 21:48:59','2020-03-23 22:18:23','2020-11-13 08:01:29',767,19,87),(136,'2020-06-06 15:02:40','2020-08-18 02:53:53','2020-06-11 13:49:28',195,17,97),(137,'2020-03-28 21:21:26','2020-06-09 19:34:57','2020-11-11 02:55:29',964,3,76),(138,'2020-02-16 07:23:27','2020-08-07 05:26:48','2020-09-13 12:48:31',69,13,42),(139,'2020-02-01 08:21:56','2020-11-18 17:31:22','2020-06-02 01:56:41',335,15,148),(140,'2020-01-17 13:00:38','2020-09-06 12:43:09','2020-02-23 08:29:01',519,16,45),(142,'2020-02-21 22:34:22','2020-05-08 13:54:55','2020-03-15 02:39:13',856,2,122),(143,'2020-12-30 08:38:52','2020-05-25 12:13:57','2020-06-28 09:47:40',125,15,107),(145,'2020-11-30 02:51:31','2020-01-30 17:28:20','2020-07-28 19:59:40',661,10,136),(149,'2020-12-24 10:34:06','2020-12-02 02:43:27','2020-05-10 12:19:18',491,18,121),(150,'2020-02-10 19:09:25','2020-09-28 12:37:24','2020-12-03 10:48:06',420,2,32),(153,'2020-11-30 15:42:15','2020-01-01 20:25:59','2020-10-09 20:12:38',606,16,115),(154,'2020-03-01 08:18:31','2020-10-24 20:30:26','2020-06-11 02:03:33',222,15,86),(155,'2020-09-15 01:16:49','2020-06-23 07:22:12','2020-07-08 17:49:10',86,9,40),(156,'2020-07-19 14:45:57','2020-10-27 00:49:14','2020-08-09 01:31:05',890,2,109),(157,'2020-09-30 17:36:58','2020-02-12 12:35:42','2020-10-21 23:25:05',675,13,124),(158,'2020-01-30 14:56:12','2020-10-11 13:19:20','2020-07-07 01:45:05',524,17,46),(160,'2020-07-04 21:15:05','2020-03-29 18:46:42','2020-02-21 13:32:16',268,9,162),(161,'2020-10-10 09:07:42','2020-08-29 06:16:35','2020-08-21 07:07:17',557,14,11),(163,'2020-03-24 05:50:56','2020-02-01 19:24:47','2020-10-13 15:48:50',969,13,42),(164,'2020-03-16 19:55:26','2020-04-03 12:27:11','2020-05-17 02:17:08',480,20,28),(166,'2020-06-10 05:16:53','2020-01-07 05:39:56','2020-05-14 09:51:27',361,16,84),(167,'2020-01-25 02:24:25','2020-12-13 09:36:14','2020-04-05 02:16:47',489,5,111),(168,'2020-06-07 10:34:38','2020-06-03 22:06:03','2020-08-21 07:08:56',608,20,141),(169,'2020-11-20 19:38:44','2020-04-08 12:41:45','2020-06-15 19:12:01',447,1,140),(170,'2020-09-23 15:48:42','2020-07-21 19:50:40','2020-01-31 05:38:34',629,6,23),(171,'2020-07-22 11:03:23','2020-03-30 21:28:29','2020-06-15 01:23:38',387,6,72),(172,'2020-08-17 05:35:43','2020-08-26 00:56:10','2020-09-13 18:38:08',592,14,82),(173,'2020-06-02 22:23:29','2020-01-05 17:11:02','2020-05-03 14:52:53',699,15,162),(174,'2020-07-26 17:58:28','2020-09-04 12:08:57','2020-10-09 18:40:33',51,5,78),(175,'2020-01-29 07:04:06','2020-05-28 14:43:36','2020-10-20 17:47:05',314,2,24),(176,'2020-02-04 19:03:32','2020-10-27 23:54:20','2020-10-02 03:25:00',575,7,79),(177,'2020-08-07 16:26:23','2020-01-20 03:48:05','2020-04-09 01:32:11',706,20,142),(178,'2020-04-20 19:07:01','2020-02-11 01:58:33','2020-03-11 20:45:34',52,19,62),(180,'2020-06-03 16:30:24','2020-01-20 09:59:06','2020-02-29 13:50:53',152,4,7),(182,'2020-12-09 15:13:52','2020-03-09 03:31:19','2020-04-05 00:30:46',144,8,84),(187,'2020-09-20 11:28:33','2020-02-12 11:40:07','2020-08-11 07:11:27',91,18,72),(189,'2020-08-07 02:54:18','2020-04-08 04:57:29','2020-08-31 04:59:47',651,2,45),(190,'2020-05-04 16:57:04','2020-09-22 02:27:27','2020-01-25 21:48:57',353,2,35),(191,'2020-07-14 23:43:07','2020-01-19 06:14:07','2020-02-10 13:23:41',105,19,15),(192,'2020-04-14 00:01:26','2020-11-22 11:56:40','2020-03-10 02:36:14',653,15,29),(193,'2020-07-15 11:26:09','2020-07-09 02:35:22','2020-07-26 11:21:01',434,15,154),(194,'2020-05-21 08:20:06','2020-07-07 06:52:27','2020-02-07 20:58:31',238,21,146),(196,'2020-04-17 01:12:07','2020-10-22 15:27:40','2020-05-27 05:50:54',129,12,109),(199,'2020-11-24 07:24:35','2020-02-06 18:01:47','2020-01-09 06:39:00',246,19,14),(200,'2020-12-17 04:59:03','2020-04-14 03:35:17','2020-02-29 10:32:40',39,21,26),(204,'2020-07-10 16:30:14','2020-08-10 02:59:28','2020-03-25 16:21:03',25,20,37),(205,'2020-12-30 04:16:11','2020-09-24 23:07:57','2020-01-04 00:31:53',447,5,11),(206,'2020-02-22 00:10:23','2020-01-31 12:45:01','2020-09-17 17:41:22',193,13,51),(207,'2020-07-14 07:28:51','2020-01-01 14:33:26','2020-04-18 01:16:37',199,11,59),(209,'2020-06-28 07:56:55','2020-10-08 06:34:48','2020-12-10 06:13:31',261,19,80),(211,'2020-11-23 01:28:19','2020-11-18 10:48:06','2020-10-19 10:13:33',1018,20,29),(212,'2020-04-12 20:09:22','2020-10-30 21:03:48','2020-10-21 14:53:51',800,15,15),(213,'2020-05-03 13:25:52','2020-11-05 00:55:18','2020-03-21 20:36:40',560,17,139),(214,'2020-01-03 20:41:51','2020-02-17 02:02:18','2020-06-05 21:29:59',107,20,42),(215,'2020-08-15 17:47:33','2020-09-29 02:52:47','2020-02-02 12:58:40',251,20,71),(216,'2020-09-30 09:20:16','2020-05-04 20:51:57','2020-04-16 04:55:20',420,19,152),(218,'2020-04-29 18:39:06','2020-10-13 06:05:01','2020-02-27 19:03:47',185,10,27),(224,'2020-05-09 16:36:07','2020-06-04 09:36:32','2020-12-21 22:24:33',31,8,28),(225,'2020-08-19 02:46:45','2020-04-06 19:42:23','2020-04-29 03:06:59',537,16,1),(227,'2020-05-17 13:12:11','2020-02-07 16:40:08','2020-03-24 10:45:57',547,8,15),(228,'2020-07-07 04:14:57','2020-01-30 15:59:32','2020-01-21 05:59:55',836,19,144),(232,'2020-08-01 03:02:55','2020-02-20 06:27:21','2020-02-21 20:18:59',708,1,147),(233,'2020-01-24 00:44:36','2020-03-01 20:09:42','2020-09-19 03:49:04',755,5,144),(235,'2020-05-13 07:17:51','2020-03-14 06:17:14','2020-07-27 02:46:59',707,14,22),(237,'2020-05-18 11:38:40','2020-07-12 10:56:38','2020-12-12 20:38:27',879,3,33),(238,'2020-05-06 22:59:11','2020-01-21 18:44:23','2020-07-13 04:33:02',877,18,67),(240,'2020-06-23 18:39:48','2020-06-08 11:02:26','2020-06-23 18:33:05',105,6,43),(241,'2020-09-06 01:12:11','2020-10-19 02:21:28','2020-03-16 02:03:46',37,10,151),(242,'2020-12-07 11:30:35','2020-05-16 03:42:20','2020-09-28 20:29:30',871,12,4),(245,'2020-05-11 15:03:03','2020-01-16 12:20:52','2020-04-14 09:17:19',465,9,1),(246,'2020-07-28 05:31:23','2020-03-12 19:35:08','2020-04-13 17:56:50',122,1,11),(247,'2020-12-12 19:48:50','2020-05-06 09:55:31','2020-03-12 13:15:23',213,13,63),(248,'2020-11-25 05:08:52','2020-12-11 04:52:31','2020-05-29 02:00:17',265,2,113),(249,'2020-07-04 17:25:08','2020-11-16 11:18:04','2020-10-10 03:59:42',279,9,111),(251,'2020-10-18 03:50:01','2020-02-04 08:00:16','2020-05-04 00:03:26',210,10,67),(252,'2020-09-02 05:15:41','2020-11-04 23:08:55','2020-03-16 06:59:15',742,15,130),(254,'2020-12-20 15:15:13','2020-08-10 04:03:24','2020-05-08 06:29:30',607,1,118),(255,'2020-03-06 16:00:16','2020-09-13 16:06:21','2020-07-06 19:42:02',252,5,2),(257,'2020-11-10 22:29:41','2020-04-20 18:17:09','2020-01-30 08:50:42',908,15,140),(258,'2020-04-11 11:48:41','2020-07-16 10:30:38','2020-03-23 19:24:39',31,7,50),(259,'2020-07-21 12:01:17','2020-09-19 00:22:29','2020-01-10 06:30:33',287,1,43),(260,'2020-12-22 04:27:55','2020-10-04 19:24:03','2020-09-10 11:22:12',700,5,156),(261,'2020-02-21 19:45:36','2020-11-20 15:14:37','2020-04-10 03:20:37',510,14,50),(262,'2020-05-22 21:27:37','2020-08-10 09:10:48','2020-08-19 06:15:51',239,5,130),(264,'2020-01-20 09:39:44','2020-04-02 06:58:48','2020-08-07 07:43:12',310,12,112),(269,'2020-09-03 18:22:44','2020-12-03 05:06:12','2020-06-06 01:06:46',317,14,9),(271,'2020-08-18 21:41:03','2020-04-14 08:39:09','2020-08-18 15:36:13',378,3,161),(272,'2020-07-03 20:15:34','2020-12-26 08:45:02','2020-07-01 12:15:43',721,21,52),(273,'2020-12-19 00:04:50','2020-07-11 02:25:50','2020-12-15 19:27:07',745,1,151),(274,'2020-02-02 21:31:18','2020-03-24 23:59:21','2020-02-13 12:49:06',480,11,131),(276,'2020-11-29 12:40:41','2020-12-23 10:12:50','2020-11-08 23:35:44',30,11,151),(277,'2020-01-28 05:26:57','2020-10-28 19:45:18','2020-02-20 06:16:14',696,15,84),(278,'2020-04-21 19:44:51','2020-08-09 15:53:50','2020-11-25 05:02:56',886,8,135),(279,'2020-09-13 04:35:38','2020-09-28 10:07:03','2020-03-16 04:27:15',876,4,6),(280,'2020-06-10 06:23:26','2020-07-30 02:26:53','2020-09-15 01:55:25',58,9,139),(283,'2020-07-23 13:58:29','2020-06-11 10:51:22','2020-09-24 02:52:52',627,15,151),(284,'2020-09-04 18:40:37','2020-07-31 16:43:36','2020-11-02 03:37:58',949,9,148),(288,'2020-06-06 04:44:14','2020-06-10 12:30:12','2020-11-27 07:03:00',356,10,51),(290,'2020-08-16 07:15:36','2020-07-24 10:24:55','2020-12-19 18:08:55',432,14,28),(291,'2020-05-21 14:26:59','2020-08-17 08:58:24','2020-08-21 13:09:10',696,21,11),(292,'2020-03-14 07:22:42','2020-07-15 09:26:34','2020-03-08 14:15:55',805,9,102),(295,'2020-07-08 06:08:23','2020-02-15 09:44:28','2020-07-22 05:51:50',747,3,144),(296,'2020-01-10 15:08:25','2020-05-30 05:53:04','2020-11-24 08:02:02',460,2,86),(297,'2020-01-05 21:06:32','2020-06-28 12:19:03','2020-10-06 10:46:56',621,8,71),(298,'2020-10-13 10:47:00','2020-04-17 23:45:18','2020-07-12 21:17:36',480,14,56),(300,'2020-01-06 20:39:07','2020-01-29 07:05:46','2020-05-22 04:20:00',582,2,151),(302,'2020-05-27 01:08:33','2020-01-08 12:14:28','2020-08-16 22:35:43',91,19,159),(303,'2020-09-04 06:32:05','2020-07-05 06:43:59','2020-05-27 19:38:14',610,20,28),(307,'2020-10-26 20:04:37','2020-08-27 00:29:31','2020-03-11 05:31:26',728,7,112),(308,'2020-11-02 18:12:24','2020-11-17 10:31:44','2020-01-21 21:52:29',159,18,68),(309,'2020-01-13 01:40:32','2020-03-07 14:50:26','2020-08-28 04:09:10',106,8,157),(310,'2020-09-22 00:46:46','2020-08-22 10:02:51','2020-08-05 19:27:01',491,20,146),(311,'2020-05-15 21:32:51','2020-03-13 11:38:22','2020-08-01 04:28:18',801,21,119),(314,'2020-12-17 01:06:55','2020-06-26 15:40:42','2020-01-22 23:41:10',670,19,1),(315,'2020-05-14 08:00:13','2020-06-28 10:13:49','2020-08-16 16:41:57',290,12,25),(317,'2020-05-02 18:10:39','2020-07-03 21:50:19','2020-12-27 05:28:46',276,9,61),(318,'2020-09-18 03:06:22','2020-05-20 16:03:01','2020-03-26 15:48:16',219,2,90),(319,'2020-10-26 11:30:49','2020-04-10 10:43:12','2020-03-06 15:21:55',91,21,10),(320,'2020-08-03 05:00:16','2020-08-21 07:40:28','2020-07-28 11:21:45',178,11,13),(323,'2020-12-17 01:23:45','2020-02-10 15:41:29','2020-06-13 11:29:43',88,1,61),(325,'2020-02-07 00:06:36','2020-01-01 10:58:05','2020-05-15 09:55:12',945,2,84),(326,'2020-12-13 05:36:49','2020-04-17 19:49:41','2020-01-06 00:40:11',124,8,103),(328,'2020-07-12 03:58:11','2020-02-09 20:07:32','2020-02-20 09:16:26',657,7,135),(331,'2020-05-10 12:49:49','2020-01-27 12:38:37','2020-02-24 00:33:30',38,17,156),(332,'2020-12-12 08:29:49','2020-09-24 11:42:12','2020-12-17 06:55:00',525,11,140),(333,'2020-08-02 00:44:41','2020-08-31 10:10:11','2020-03-31 18:08:58',38,13,87),(334,'2020-10-22 11:11:02','2020-07-08 13:19:06','2020-09-26 17:33:43',902,14,146),(335,'2020-03-28 19:29:41','2020-11-29 07:27:34','2020-12-21 18:16:24',697,10,89),(336,'2020-03-09 15:48:30','2020-06-28 16:40:04','2020-09-02 17:27:49',958,6,23),(338,'2020-09-14 10:00:38','2020-05-16 10:17:47','2020-11-09 12:37:01',480,2,27),(340,'2020-07-27 00:07:26','2020-01-27 03:22:25','2020-11-11 03:40:24',48,10,142),(341,'2020-10-22 23:45:36','2020-10-21 06:07:33','2020-12-14 15:41:47',651,6,158),(344,'2020-10-27 03:08:23','2020-02-20 19:10:06','2020-12-18 11:05:05',133,14,142),(346,'2020-01-20 11:42:53','2020-04-11 15:05:03','2020-06-16 20:50:02',348,15,31),(347,'2020-12-03 20:01:46','2020-07-14 00:36:18','2020-02-18 23:26:03',315,3,57),(348,'2020-04-26 08:58:07','2020-06-27 12:08:38','2020-05-14 17:42:15',665,21,26),(349,'2020-09-16 18:43:04','2020-11-22 07:44:59','2020-09-30 01:05:01',230,10,139),(350,'2020-12-30 08:13:13','2020-06-18 09:40:15','2020-05-12 10:20:02',694,21,42),(353,'2020-03-25 03:09:07','2020-07-26 14:52:21','2020-07-28 00:16:02',35,5,7),(358,'2020-02-19 13:36:59','2020-10-10 03:52:21','2020-08-30 07:15:22',557,13,68),(359,'2020-04-14 15:24:13','2020-06-19 00:43:45','2020-02-28 19:27:40',387,4,89),(360,'2020-09-15 02:09:49','2020-08-22 05:29:25','2020-08-22 05:47:17',171,17,63),(361,'2020-04-14 06:29:53','2020-02-01 12:17:34','2020-10-16 05:07:33',370,12,108),(362,'2020-05-03 10:26:10','2020-03-18 00:03:27','2020-02-26 20:35:37',445,3,141),(363,'2020-01-13 07:56:36','2020-09-05 05:48:58','2020-04-02 18:04:00',929,11,120),(364,'2020-10-17 02:12:03','2020-09-22 20:30:53','2020-01-02 15:24:08',843,8,148),(365,'2020-09-20 04:13:54','2020-03-09 22:20:34','2020-03-12 17:40:48',622,14,130),(367,'2020-10-06 02:47:55','2020-04-19 21:20:16','2020-10-08 02:52:54',342,5,64),(368,'2020-11-30 12:07:45','2020-07-25 03:10:08','2020-05-07 07:46:43',602,9,150),(369,'2020-06-26 13:21:23','2020-10-15 18:18:35','2020-12-27 02:50:33',97,13,74),(371,'2020-01-07 22:49:20','2020-01-22 15:50:44','2020-09-30 18:47:54',548,20,24),(374,'2020-05-25 16:45:51','2020-12-08 18:30:49','2020-03-20 13:59:58',875,13,131),(375,'2020-05-07 18:54:19','2020-07-04 02:09:00','2020-10-28 22:04:42',972,5,78),(376,'2020-04-21 10:22:40','2020-06-09 17:57:13','2020-04-10 18:59:10',510,19,85),(377,'2020-10-01 11:19:35','2020-06-08 06:00:16','2020-05-01 15:50:34',752,1,125),(378,'2020-08-23 22:47:45','2020-09-25 18:24:27','2020-04-01 16:08:12',343,7,90),(380,'2020-04-20 22:27:45','2020-07-29 14:23:57','2020-08-22 08:14:23',650,1,158),(381,'2020-05-29 19:20:12','2020-09-09 08:02:48','2020-08-12 07:50:24',906,20,146),(382,'2020-02-15 02:52:59','2020-01-01 20:12:29','2020-05-10 11:43:52',860,19,44),(384,'2020-08-17 19:36:29','2020-04-19 17:42:09','2020-06-24 06:58:40',195,1,103),(385,'2020-07-05 02:42:44','2020-02-22 00:37:37','2020-06-18 19:04:38',894,21,86),(386,'2020-03-09 14:08:39','2020-07-08 00:54:40','2020-08-16 15:37:59',337,4,26),(391,'2020-06-04 06:59:34','2020-04-11 20:31:02','2020-09-28 19:15:28',348,13,154),(392,'2020-05-29 07:27:54','2020-07-31 11:34:36','2020-02-19 16:15:58',404,8,159),(393,'2020-10-20 04:35:37','2020-08-23 21:56:45','2020-12-15 15:27:42',854,7,75),(394,'2020-02-08 07:05:24','2020-01-20 13:09:21','2020-11-06 20:54:44',1018,13,118),(395,'2020-06-19 12:23:34','2020-11-17 16:25:35','2020-01-24 02:25:02',686,21,156),(398,'2020-07-13 19:27:45','2020-03-18 19:23:58','2020-01-12 06:07:01',803,19,84),(399,'2020-09-18 12:31:47','2020-01-22 15:21:39','2020-11-08 19:13:06',138,21,35),(402,'2020-01-20 16:57:14','2020-08-16 11:59:39','2020-05-20 20:47:26',106,12,100),(403,'2020-04-13 17:30:06','2020-03-15 19:31:12','2020-01-29 08:36:28',876,15,107),(404,'2020-12-18 19:48:44','2020-06-23 04:31:12','2020-08-17 00:21:26',442,21,126),(406,'2020-10-17 16:36:08','2020-05-18 08:40:13','2020-11-18 10:14:27',124,15,89),(407,'2020-06-11 07:07:20','2020-05-25 19:04:16','2020-12-10 06:02:52',665,17,136),(408,'2020-01-06 01:59:18','2020-12-28 04:52:54','2020-10-24 02:52:35',905,19,105),(410,'2020-03-02 02:06:33','2020-05-30 03:45:55','2020-04-09 21:58:10',501,18,6),(413,'2020-08-28 00:01:48','2020-08-08 04:20:07','2020-06-29 20:31:14',936,16,62),(415,'2020-02-05 12:51:27','2020-06-24 06:15:22','2020-05-17 00:54:20',215,2,125),(416,'2020-08-31 06:15:08','2020-04-14 10:14:50','2020-11-29 10:12:34',122,16,87),(417,'2020-05-16 09:05:58','2020-08-22 20:58:02','2020-08-13 07:18:59',234,3,31),(419,'2020-02-27 06:46:01','2020-09-21 10:26:03','2020-12-27 17:38:03',233,14,123),(423,'2020-10-15 20:00:40','2020-04-19 19:00:43','2020-11-24 21:03:07',629,2,138),(425,'2020-09-23 11:59:05','2020-01-09 12:36:33','2020-10-13 04:40:22',849,9,133),(429,'2020-01-18 08:53:20','2020-12-14 04:15:54','2020-05-10 11:47:02',809,5,118),(430,'2020-11-14 15:42:36','2020-05-14 14:08:08','2020-07-07 05:01:53',635,19,35),(432,'2020-01-10 12:38:15','2020-04-19 18:48:55','2020-04-17 22:02:05',358,3,63),(438,'2020-03-30 00:52:39','2020-11-09 10:36:00','2020-04-03 21:57:15',421,10,21),(439,'2020-05-14 11:01:36','2020-02-21 22:37:53','2020-01-30 20:39:15',789,3,70),(440,'2020-08-13 02:08:42','2020-01-10 00:45:46','2020-10-13 17:49:13',163,4,108),(441,'2020-12-21 01:44:25','2020-02-09 16:19:20','2020-04-27 05:34:04',666,2,75),(442,'2020-05-09 20:23:39','2020-02-28 10:24:04','2020-02-19 02:21:34',130,10,158),(443,'2020-08-16 22:52:22','2020-01-24 07:40:18','2020-04-09 05:33:06',247,11,161),(444,'2020-02-29 13:28:57','2020-06-27 13:29:43','2020-03-07 06:29:43',110,14,134),(447,'2020-03-14 22:41:12','2020-12-26 06:46:12','2020-11-28 05:13:46',980,17,76),(451,'2020-12-27 09:51:54','2020-11-09 20:36:10','2020-06-09 17:04:40',726,9,121),(452,'2020-05-15 06:02:49','2020-10-28 22:28:29','2020-08-11 20:25:05',250,20,91),(453,'2020-02-02 13:35:37','2020-10-07 14:06:10','2020-03-31 17:03:23',309,5,92),(455,'2020-08-31 12:01:25','2020-03-30 10:16:03','2020-12-17 14:12:01',177,17,160),(456,'2020-07-21 05:44:15','2020-04-01 13:29:26','2020-08-31 11:22:54',813,14,8),(457,'2020-11-28 22:23:14','2020-07-18 09:27:04','2020-08-03 21:35:46',799,3,150),(460,'2020-06-28 14:34:04','2020-03-15 01:53:13','2020-01-25 13:42:40',892,17,34),(461,'2020-04-15 04:01:43','2020-09-12 17:25:05','2020-12-07 08:34:26',333,1,118),(462,'2020-10-25 16:57:53','2020-11-27 21:35:13','2020-08-20 17:02:33',550,10,18),(467,'2020-09-05 16:18:39','2020-03-24 20:02:48','2020-07-30 17:15:50',137,17,57),(469,'2020-01-01 21:21:46','2020-05-17 08:45:41','2020-06-27 04:01:27',592,18,82),(471,'2020-07-29 19:06:48','2020-11-03 15:53:30','2020-06-28 16:08:18',302,1,79),(472,'2020-02-02 08:19:13','2020-01-03 05:23:20','2020-01-12 17:53:35',993,14,117),(475,'2020-11-03 13:36:53','2020-03-01 17:37:07','2020-03-25 16:55:55',877,1,160),(477,'2020-10-28 19:14:47','2020-09-09 02:21:45','2020-09-05 02:58:29',7,12,134),(479,'2020-05-16 20:58:36','2020-09-28 07:48:59','2020-03-17 15:53:24',238,2,94),(480,'2020-05-17 02:45:03','2020-10-01 04:49:27','2020-11-08 02:38:01',613,10,41),(482,'2020-11-12 21:23:28','2020-08-12 13:51:50','2020-02-03 18:30:45',763,17,123),(485,'2020-04-01 19:44:56','2020-06-22 09:53:16','2020-09-12 04:09:21',974,18,138),(486,'2020-07-08 16:17:45','2020-12-27 02:28:51','2020-01-17 21:36:29',717,15,82),(488,'2020-02-09 01:32:30','2020-12-05 14:27:45','2020-02-20 16:19:23',165,16,144),(489,'2020-08-06 17:31:32','2020-05-16 03:05:39','2020-08-17 20:21:33',16,12,6),(491,'2020-11-05 10:12:23','2020-03-05 09:47:04','2020-04-03 16:13:24',36,17,97),(492,'2020-04-04 00:09:21','2020-09-26 08:17:40','2020-11-16 12:14:28',82,12,147),(496,'2020-03-23 10:29:32','2020-10-16 09:17:54','2020-11-14 15:25:48',513,10,138),(500,'2020-08-14 04:23:23','2020-09-21 06:28:57','2020-05-12 03:23:18',786,16,132),(503,'2020-04-19 14:54:12','2020-12-26 15:00:36','2020-08-25 15:51:59',707,7,112),(507,'2020-09-18 20:06:54','2020-05-04 21:55:48','2020-11-29 21:49:11',738,2,80),(509,'2020-10-02 12:20:58','2020-05-24 11:50:07','2020-04-15 08:32:11',1005,13,159),(510,'2020-04-09 19:59:50','2020-06-21 04:34:47','2020-10-22 15:10:55',437,20,73),(511,'2020-12-29 11:38:49','2020-11-18 14:26:38','2020-05-10 06:32:35',516,13,126),(514,'2020-04-26 06:14:15','2020-10-22 17:14:20','2020-05-03 23:54:04',936,17,79),(515,'2020-07-22 17:01:30','2020-12-20 19:44:04','2020-10-25 08:22:42',962,6,141),(517,'2020-05-23 15:49:16','2020-05-20 11:02:31','2020-12-16 09:57:17',556,11,38),(518,'2020-11-26 14:50:12','2020-11-30 10:28:44','2020-04-25 20:11:46',745,17,40),(519,'2020-03-08 13:59:46','2020-05-31 17:05:31','2020-09-26 03:06:21',855,9,127),(520,'2020-10-21 09:15:53','2020-01-02 23:43:46','2020-07-24 11:12:11',586,7,17),(521,'2020-04-18 17:49:39','2020-11-09 20:13:26','2020-11-13 15:47:36',873,18,82),(522,'2020-08-11 04:51:06','2020-09-16 17:48:21','2020-05-18 06:16:55',955,7,137),(523,'2020-02-29 21:00:30','2020-01-09 00:17:10','2020-07-19 17:29:58',340,11,70),(524,'2020-12-13 00:29:38','2020-06-18 19:16:45','2020-04-30 17:26:54',460,17,45),(525,'2020-12-26 04:33:21','2020-05-12 22:19:24','2020-08-15 10:45:22',539,11,137),(526,'2020-06-16 05:49:47','2020-06-07 13:46:45','2020-10-11 19:44:33',111,7,93),(528,'2020-01-31 08:29:01','2020-01-20 08:05:20','2020-08-17 12:59:57',219,20,96),(530,'2020-10-07 00:58:34','2020-05-09 00:00:55','2020-07-23 05:36:52',161,18,32),(532,'2020-12-18 23:57:02','2020-06-20 02:51:26','2020-10-20 03:16:32',624,12,118),(533,'2020-08-19 17:32:23','2020-01-14 18:10:02','2020-09-04 09:12:00',732,15,78),(535,'2020-08-04 00:51:32','2020-10-02 04:41:49','2020-04-03 05:37:10',466,8,106),(537,'2020-02-26 14:42:29','2020-05-17 19:13:07','2020-09-25 04:53:35',453,12,163),(539,'2020-05-12 08:59:52','2020-07-18 05:09:28','2020-08-27 09:48:17',202,16,112),(542,'2020-11-01 08:20:55','2020-09-30 05:05:42','2020-07-27 17:48:59',635,20,18),(543,'2020-08-04 12:52:29','2020-02-18 06:03:14','2020-03-20 10:57:00',707,2,53),(545,'2020-05-30 14:34:48','2020-05-26 12:52:33','2020-11-13 23:05:57',1020,21,33),(546,'2020-02-22 06:05:29','2020-02-25 09:48:24','2020-01-31 23:17:10',618,6,49),(547,'2020-07-06 16:20:44','2020-01-13 23:34:20','2020-05-05 12:10:46',832,1,10),(549,'2020-09-01 21:33:05','2020-10-03 09:09:05','2020-05-25 13:42:47',708,4,44),(550,'2020-09-12 00:26:13','2020-09-30 08:19:16','2020-08-28 08:27:18',813,7,72),(552,'2020-01-20 12:11:11','2020-07-28 07:00:06','2020-08-11 09:17:31',578,21,53),(553,'2020-05-26 11:14:37','2020-06-27 15:45:45','2020-03-30 21:22:39',243,5,150),(554,'2020-07-31 22:10:53','2020-04-21 22:42:49','2020-10-11 00:43:58',779,11,127),(557,'2020-06-06 06:12:01','2020-05-17 12:43:21','2020-02-20 00:01:23',61,1,25),(558,'2020-12-30 10:18:05','2020-02-13 05:12:34','2020-08-01 23:02:26',951,9,90),(561,'2020-12-12 17:49:57','2020-07-03 23:09:53','2020-08-24 11:54:11',844,8,74),(563,'2020-06-03 21:17:26','2020-11-06 09:00:21','2020-02-28 00:08:57',338,3,104),(564,'2020-09-06 01:13:57','2020-06-19 10:00:01','2020-10-20 21:25:21',459,17,84),(566,'2020-11-17 08:59:47','2020-10-28 21:40:45','2020-05-02 16:05:32',9,9,78),(567,'2020-04-26 04:14:33','2020-10-25 07:24:56','2020-07-19 12:57:41',843,17,118),(568,'2020-10-11 02:26:07','2020-04-25 23:50:08','2020-12-03 20:20:20',561,1,19),(571,'2020-10-23 02:27:29','2020-12-28 20:54:38','2020-10-24 09:52:24',22,9,80),(575,'2020-03-18 09:07:46','2020-01-26 06:00:18','2020-02-22 16:43:47',155,17,34),(576,'2020-07-21 17:14:36','2020-04-28 09:34:57','2020-05-31 15:00:04',667,10,13),(579,'2020-12-05 14:12:38','2020-09-01 04:57:14','2020-07-12 17:31:29',908,4,60),(580,'2020-10-09 19:26:17','2020-10-06 23:59:19','2020-06-06 03:29:30',145,17,146),(581,'2020-08-28 10:03:05','2020-02-19 19:09:12','2020-09-28 20:06:06',507,7,62),(582,'2020-06-08 09:12:56','2020-07-15 19:38:51','2020-08-04 22:16:22',683,21,87),(583,'2020-09-03 04:46:43','2020-02-09 10:51:28','2020-09-16 12:34:03',59,5,91),(584,'2020-02-16 04:35:24','2020-10-04 19:54:14','2020-07-07 17:44:06',449,20,152),(585,'2020-10-23 22:12:26','2020-02-07 01:41:02','2020-10-07 13:43:12',900,15,44),(586,'2020-08-01 10:48:46','2020-01-19 19:45:01','2020-08-10 05:16:44',252,13,102),(587,'2020-10-05 19:43:37','2020-10-12 23:45:08','2020-12-13 11:30:35',441,9,82),(588,'2020-04-29 08:26:39','2020-05-27 08:32:11','2020-03-28 20:52:50',799,6,30),(591,'2020-08-20 08:18:16','2020-12-07 11:53:42','2020-08-25 01:52:29',592,21,82),(595,'2020-06-15 05:48:55','2020-09-29 03:58:25','2020-01-20 03:49:32',75,1,151),(596,'2020-07-18 04:15:18','2020-09-14 20:25:32','2020-09-02 06:12:22',970,13,15),(597,'2020-07-24 14:27:30','2020-10-10 09:37:10','2020-01-15 10:39:14',228,12,112),(598,'2020-06-07 06:03:17','2020-12-22 13:14:23','2020-02-02 06:18:33',225,4,69),(599,'2020-11-02 20:52:21','2020-05-28 20:20:18','2020-05-02 00:27:49',395,21,118),(600,'2020-08-29 11:46:27','2020-11-14 04:10:30','2020-01-04 08:27:07',710,17,79),(602,'2020-05-18 15:40:12','2020-05-15 16:37:20','2020-06-21 19:39:33',413,6,100),(603,'2020-03-14 21:55:52','2020-02-17 11:27:15','2020-07-20 23:55:12',206,5,59),(604,'2020-09-01 17:23:53','2020-09-17 06:29:23','2020-07-05 10:43:30',1017,7,32),(607,'2020-08-15 20:24:31','2020-12-28 22:27:00','2020-08-24 02:47:02',160,20,127),(608,'2020-04-23 08:48:04','2020-09-09 17:38:29','2020-07-12 14:30:58',475,18,139),(609,'2020-09-23 23:33:45','2020-04-22 08:14:00','2020-09-25 08:06:49',42,6,67),(610,'2020-02-03 20:55:42','2020-02-01 02:02:28','2020-01-04 08:13:09',626,7,131),(611,'2020-06-09 20:30:37','2020-11-08 21:00:41','2020-09-26 07:17:24',11,14,43),(612,'2020-10-12 11:24:41','2020-10-12 10:03:01','2020-06-24 16:41:25',480,9,77),(613,'2020-05-28 05:35:43','2020-08-02 23:04:58','2020-11-05 08:04:31',599,4,156),(616,'2020-03-14 17:49:18','2020-02-02 21:38:29','2020-04-25 13:55:33',857,6,146),(617,'2020-01-02 10:18:50','2020-09-24 10:31:49','2020-09-15 16:22:17',277,18,149),(619,'2020-10-03 14:54:49','2020-01-02 19:04:16','2020-05-01 04:37:39',603,21,124),(620,'2020-10-29 11:44:02','2020-12-23 04:35:07','2020-12-19 13:29:35',818,12,151),(621,'2020-05-22 21:56:26','2020-08-09 23:52:12','2020-09-22 09:29:40',275,9,130),(623,'2020-10-10 02:07:07','2020-11-18 09:47:55','2020-01-28 07:44:18',116,16,146),(625,'2020-03-12 06:29:37','2020-08-07 23:14:02','2020-09-15 14:28:40',851,13,107),(628,'2020-07-29 23:25:42','2020-05-11 17:44:32','2020-11-04 20:25:50',1014,5,71),(629,'2020-01-29 17:10:33','2020-11-09 02:02:05','2020-04-26 18:31:56',773,20,2),(632,'2020-02-21 04:36:40','2020-12-27 23:16:02','2020-11-24 05:45:39',414,17,141),(637,'2020-01-31 18:06:39','2020-08-20 15:08:27','2020-11-11 14:21:55',128,15,18),(638,'2020-09-13 03:17:19','2020-12-26 04:24:26','2020-07-14 09:24:00',149,18,12),(639,'2020-02-12 10:23:29','2020-06-22 06:28:25','2020-03-08 19:02:21',505,17,93),(640,'2020-12-04 02:30:14','2020-02-06 00:21:13','2020-10-14 19:25:28',988,2,18),(641,'2020-12-11 16:26:29','2020-09-18 13:05:46','2020-09-22 22:29:57',752,11,110),(642,'2020-07-12 03:47:21','2020-07-24 06:44:19','2020-10-25 05:00:59',454,13,130),(643,'2020-09-06 21:38:27','2020-03-08 05:09:06','2020-07-31 08:35:52',395,14,142),(645,'2020-06-28 15:29:28','2020-12-29 06:15:02','2020-04-27 03:49:29',62,5,100),(649,'2020-07-02 20:21:39','2020-03-10 02:24:54','2020-03-29 13:02:49',894,6,80),(650,'2020-06-10 13:13:13','2020-10-13 11:11:32','2020-06-08 10:56:35',160,11,123),(651,'2020-01-28 01:25:16','2020-07-04 13:54:25','2020-05-25 05:05:03',540,8,161),(652,'2020-04-05 06:42:46','2020-10-29 13:31:24','2020-02-11 13:10:15',829,9,86),(653,'2020-02-03 03:23:46','2020-08-09 14:41:56','2020-04-12 09:24:08',619,12,69),(658,'2020-12-16 16:24:44','2020-01-14 03:39:49','2020-01-28 14:34:43',837,2,111),(659,'2020-11-15 16:32:20','2020-12-17 12:09:58','2020-03-18 18:01:42',927,3,4),(662,'2020-01-30 18:41:42','2020-09-21 14:50:48','2020-10-05 05:04:16',1020,4,138),(663,'2020-12-06 06:54:00','2020-02-22 08:30:45','2020-12-02 00:18:46',302,1,158),(664,'2020-08-04 05:00:59','2020-04-29 04:32:43','2020-12-24 08:41:48',105,9,149),(669,'2020-09-06 20:18:46','2020-01-21 00:28:46','2020-06-13 00:42:49',446,20,157),(672,'2020-09-26 12:35:51','2020-04-19 23:49:41','2020-02-02 06:07:55',878,20,25),(673,'2020-12-23 10:24:35','2020-10-11 03:32:17','2020-11-16 23:42:29',830,17,101),(675,'2020-12-27 06:04:18','2020-08-04 01:34:20','2020-05-23 21:24:50',320,14,76),(676,'2020-07-03 18:31:50','2020-01-07 00:27:23','2020-02-11 23:58:11',469,16,125),(677,'2020-10-05 06:09:14','2020-06-10 04:56:15','2020-10-30 03:28:03',187,3,66),(678,'2020-12-19 06:53:36','2020-10-15 04:48:15','2020-01-22 07:21:08',850,14,71),(680,'2020-04-16 10:26:07','2020-11-21 15:40:56','2020-08-24 07:54:01',939,1,63),(682,'2020-11-06 03:08:11','2020-01-02 15:34:37','2020-06-13 19:29:56',23,9,150),(683,'2020-06-26 22:35:20','2020-05-28 03:52:04','2020-07-18 18:34:49',494,5,158),(685,'2020-10-01 05:15:06','2020-01-31 12:47:24','2020-03-14 10:41:22',874,3,22),(686,'2020-05-25 01:32:55','2020-03-20 15:17:02','2020-03-07 12:23:10',885,8,138),(687,'2020-11-29 14:15:50','2020-03-13 12:23:00','2020-05-13 19:40:53',188,10,143),(688,'2020-11-26 20:40:23','2020-05-20 00:00:04','2020-05-08 13:59:02',554,18,25),(689,'2020-02-20 11:52:15','2020-04-05 23:43:44','2020-04-24 13:31:47',586,2,26),(690,'2020-06-21 04:47:36','2020-08-04 15:20:32','2020-08-02 08:38:22',566,20,73),(691,'2020-08-01 16:10:35','2020-09-19 05:50:42','2020-11-08 11:31:49',250,10,66),(695,'2020-05-10 06:50:06','2020-08-01 09:16:02','2020-05-02 16:58:06',259,7,92),(696,'2020-02-07 21:17:30','2020-02-02 12:47:01','2020-01-03 06:22:31',388,11,63),(698,'2020-11-23 15:38:10','2020-09-10 15:29:58','2020-12-19 23:37:29',880,2,58),(700,'2020-12-29 05:26:36','2020-07-31 03:37:21','2020-12-04 06:10:32',525,12,28),(701,'2020-01-23 15:23:24','2020-01-30 12:45:27','2020-06-06 05:41:31',878,5,42),(702,'2020-12-14 23:31:59','2020-02-09 16:50:38','2020-11-25 05:35:39',478,11,23),(705,'2020-07-13 07:34:57','2020-10-25 12:49:40','2020-07-16 19:29:11',313,6,70),(707,'2020-02-20 04:35:52','2020-07-19 00:03:40','2020-04-16 18:41:58',778,15,80),(708,'2020-08-24 17:37:31','2020-01-16 00:56:33','2020-05-06 23:02:32',442,5,4),(710,'2020-11-23 03:07:47','2020-10-02 07:33:04','2020-07-05 15:02:36',311,9,56),(712,'2020-09-19 02:39:06','2020-12-16 13:48:17','2020-09-25 07:00:51',752,20,69),(713,'2020-06-15 13:53:37','2020-08-16 16:46:27','2020-08-29 07:24:15',74,11,108),(714,'2020-10-06 08:59:22','2020-10-28 00:17:32','2020-10-19 03:41:29',200,18,131),(717,'2020-10-24 11:30:10','2020-11-20 04:47:34','2020-10-30 19:05:16',357,4,121),(719,'2020-07-19 19:23:02','2020-03-16 05:23:50','2020-04-30 22:38:37',564,11,138),(721,'2020-05-01 07:42:02','2020-01-17 20:00:41','2020-03-23 09:06:18',741,2,154),(722,'2020-11-15 15:42:43','2020-11-03 08:51:00','2020-12-17 14:49:09',394,11,84),(723,'2020-01-10 10:06:08','2020-12-02 23:17:11','2020-01-02 03:15:42',826,8,157),(727,'2020-01-31 01:32:56','2020-06-12 09:02:06','2020-03-23 14:57:21',431,5,115),(729,'2020-07-09 17:43:37','2020-02-27 12:06:31','2020-11-05 12:07:20',861,7,69),(730,'2020-01-31 17:43:26','2020-05-02 15:24:06','2020-04-11 17:15:34',394,13,56),(732,'2020-04-24 21:41:08','2020-07-31 13:08:41','2020-09-18 03:16:16',774,17,33),(734,'2020-11-30 01:47:47','2020-03-29 15:58:02','2020-01-13 02:37:21',181,5,69),(735,'2020-01-08 21:48:44','2020-02-06 22:39:54','2020-12-08 13:42:03',864,21,65),(736,'2020-06-20 02:25:22','2020-05-13 13:06:03','2020-10-23 10:18:49',699,16,32),(737,'2020-02-24 11:56:45','2020-03-09 10:34:54','2020-03-30 21:58:32',463,11,121),(739,'2020-03-05 04:45:03','2020-01-09 11:15:11','2020-02-06 19:18:22',838,21,124),(740,'2020-03-08 17:55:53','2020-10-10 00:37:33','2020-10-08 12:13:28',112,20,98),(741,'2020-06-12 18:55:33','2020-09-02 04:20:32','2020-11-14 21:18:22',197,15,19),(742,'2020-12-11 18:09:16','2020-07-25 11:19:06','2020-10-07 19:44:49',332,13,86),(744,'2020-07-07 06:57:09','2020-07-05 04:56:13','2020-08-09 11:48:03',1007,4,39),(746,'2020-02-14 13:07:14','2020-06-05 17:24:43','2020-02-06 17:11:49',223,2,67),(749,'2020-04-30 22:57:47','2020-05-14 21:47:35','2020-12-28 22:40:28',86,13,11),(752,'2020-06-18 10:27:15','2020-08-22 10:42:36','2020-10-23 23:54:05',649,8,164),(753,'2020-10-14 07:01:31','2020-06-24 13:14:01','2020-03-09 22:24:34',448,18,30),(754,'2020-12-21 11:13:01','2020-08-12 10:59:44','2020-02-26 21:24:14',303,14,51),(755,'2020-04-05 01:06:03','2020-06-13 09:24:59','2020-12-25 11:52:05',183,14,86),(759,'2020-02-13 17:46:18','2020-01-12 17:07:15','2020-08-18 12:57:59',950,8,93),(760,'2020-09-07 19:18:29','2020-08-09 07:28:42','2020-10-16 08:42:01',641,10,44),(761,'2020-02-09 11:59:14','2020-03-17 04:12:38','2020-11-13 08:03:28',876,3,43),(764,'2020-01-23 11:07:32','2020-09-12 20:23:52','2020-10-20 03:56:16',213,13,81),(765,'2020-03-18 10:20:34','2020-11-14 12:02:13','2020-06-16 17:24:02',893,8,151),(766,'2020-06-27 21:16:58','2020-03-16 19:48:27','2020-05-15 18:20:49',502,21,62),(768,'2020-07-05 05:50:37','2020-08-27 06:01:11','2020-09-22 01:55:28',344,11,152),(769,'2020-08-02 12:14:48','2020-01-05 15:36:37','2020-12-21 18:25:07',340,6,76),(770,'2020-10-12 04:49:02','2020-06-29 12:51:19','2020-06-18 19:02:02',381,13,34),(771,'2020-11-21 23:18:49','2020-01-25 02:07:19','2020-08-13 08:04:03',375,5,99),(772,'2020-05-06 10:26:55','2020-06-07 03:29:27','2020-06-04 02:00:15',884,15,99),(775,'2020-01-04 11:06:15','2020-03-23 03:54:59','2020-09-29 05:44:40',640,3,65),(776,'2020-01-24 23:32:44','2020-10-18 04:30:09','2020-06-04 21:08:15',886,5,42),(777,'2020-09-25 13:33:39','2020-06-29 06:11:56','2020-08-06 06:23:44',58,2,131),(778,'2020-12-07 16:19:48','2020-01-19 21:36:36','2020-01-17 09:33:59',684,11,7),(780,'2020-09-17 03:02:11','2020-02-01 05:22:27','2020-12-15 19:01:13',571,1,90),(781,'2020-12-09 01:34:53','2020-10-26 07:05:19','2020-12-09 17:13:26',780,4,162),(782,'2020-07-02 13:17:33','2020-08-30 07:57:21','2020-04-17 04:04:56',333,16,54),(783,'2020-06-10 03:56:11','2020-08-26 22:51:58','2020-03-13 11:53:51',276,3,147),(786,'2020-04-15 21:31:06','2020-05-15 21:11:39','2020-05-29 10:49:43',667,17,105),(787,'2020-07-17 11:47:24','2020-05-07 15:23:19','2020-12-02 18:25:48',740,11,89),(790,'2020-08-30 21:53:33','2020-08-18 14:28:54','2020-01-08 23:38:45',350,12,112),(791,'2020-06-16 15:00:00','2020-01-21 08:06:44','2020-08-08 18:04:13',404,4,141),(792,'2020-03-03 07:19:42','2020-08-07 15:45:43','2020-06-14 02:27:44',752,8,58),(794,'2020-09-25 23:47:23','2020-11-05 02:27:39','2020-11-15 09:22:52',843,1,74),(795,'2020-08-28 12:38:12','2020-11-03 05:10:14','2020-08-05 12:15:50',50,17,116),(796,'2020-06-01 15:17:01','2020-04-19 20:30:31','2020-09-11 20:33:57',503,5,164),(797,'2020-09-20 20:14:24','2020-02-27 23:39:41','2020-01-21 08:53:33',789,11,84),(798,'2020-07-29 22:44:37','2020-05-24 01:45:01','2020-11-05 00:41:29',603,20,3),(799,'2020-12-18 00:36:36','2020-03-02 22:55:49','2020-12-09 12:25:22',994,1,144),(801,'2020-03-09 21:57:09','2020-07-14 05:34:26','2020-05-17 10:59:42',370,2,143),(802,'2020-08-24 05:26:35','2020-01-16 00:50:31','2020-02-14 22:16:54',1001,2,91),(803,'2020-05-05 10:28:54','2020-12-26 05:03:38','2020-12-17 11:08:38',368,11,66),(806,'2020-04-28 03:37:05','2020-04-11 18:22:09','2020-03-04 12:57:22',967,8,43),(809,'2020-09-26 07:07:32','2020-12-20 06:12:00','2020-11-14 00:41:47',347,19,9),(810,'2020-04-21 05:52:25','2020-12-11 17:07:26','2020-05-26 04:05:10',300,16,21),(813,'2020-08-03 05:43:54','2020-10-14 08:57:23','2020-04-04 05:51:43',992,19,16),(814,'2020-07-05 02:11:27','2020-10-22 12:07:03','2020-06-28 17:05:50',878,19,117),(816,'2020-04-26 08:29:45','2020-05-09 14:38:43','2020-11-12 10:48:56',490,11,5),(817,'2020-07-22 17:26:42','2020-10-07 18:56:03','2020-01-17 15:14:55',972,5,51),(818,'2020-01-14 23:46:04','2020-11-08 07:15:27','2020-11-26 04:35:42',633,2,34),(820,'2020-02-11 17:14:13','2020-05-10 20:26:03','2020-05-19 08:44:50',1009,12,7),(822,'2020-09-28 12:19:15','2020-03-02 14:30:12','2020-06-10 04:56:12',861,4,102),(823,'2020-01-22 19:18:42','2020-09-04 05:20:31','2020-06-14 14:33:04',389,17,79),(825,'2020-02-11 10:01:46','2020-04-10 02:45:18','2020-05-09 10:47:06',549,3,29),(826,'2020-10-30 19:09:09','2020-08-14 04:22:31','2020-11-10 15:21:46',443,21,147),(828,'2020-03-01 11:30:16','2020-12-10 13:26:59','2020-08-31 21:44:50',973,1,57),(830,'2020-11-26 11:20:57','2020-10-17 03:32:16','2020-11-05 07:07:25',298,1,35),(832,'2020-10-23 09:42:48','2020-06-20 08:51:07','2020-07-16 16:32:42',217,6,152),(833,'2020-01-31 09:59:08','2020-02-23 15:52:39','2020-05-11 02:14:44',751,11,68),(838,'2020-12-25 05:53:23','2020-05-02 03:59:38','2020-04-14 20:22:21',588,19,33),(840,'2020-03-22 07:58:11','2020-11-26 17:26:04','2020-09-08 22:05:48',325,13,4),(841,'2020-11-15 11:14:25','2020-08-01 04:48:44','2020-11-17 14:19:27',66,1,59),(842,'2020-07-10 11:43:30','2020-11-17 08:02:14','2020-07-02 08:35:38',86,9,126),(843,'2020-06-13 13:24:06','2020-10-02 23:08:52','2020-02-20 02:20:20',961,16,99),(844,'2020-02-23 10:41:47','2020-01-15 01:19:50','2020-04-28 07:39:49',723,13,46),(848,'2020-09-13 10:09:06','2020-06-08 22:13:00','2020-07-24 06:17:02',713,15,64),(850,'2020-04-16 04:16:35','2020-11-26 03:28:20','2020-08-20 00:43:51',186,17,44),(851,'2020-11-25 05:47:01','2020-08-11 07:16:12','2020-09-09 22:26:34',496,1,60),(852,'2020-06-17 17:15:48','2020-08-31 00:53:42','2020-05-23 13:00:31',527,12,67),(853,'2020-04-11 04:45:59','2020-03-13 10:29:44','2020-05-24 12:03:04',506,17,157),(854,'2020-09-26 21:33:34','2020-05-07 17:23:42','2020-10-16 21:40:46',891,20,69),(855,'2020-07-14 06:29:07','2020-11-28 22:47:10','2020-06-09 07:15:43',993,2,112),(857,'2020-09-09 23:53:27','2020-01-18 16:20:30','2020-09-11 05:33:22',259,14,134),(859,'2020-10-20 00:38:55','2020-01-24 00:29:08','2020-08-03 02:46:40',565,16,143),(862,'2020-11-11 07:38:41','2020-12-24 05:37:21','2020-06-06 00:36:31',330,1,67),(864,'2020-10-25 09:39:56','2020-04-04 16:40:48','2020-08-23 03:48:49',800,7,9),(867,'2020-04-15 00:10:38','2020-12-24 17:34:30','2020-07-03 20:38:02',86,16,21),(870,'2020-04-07 20:10:28','2020-09-18 12:03:43','2020-09-27 09:57:34',266,21,36),(871,'2020-07-03 02:20:53','2020-06-18 12:16:15','2020-07-27 22:23:12',888,20,40),(872,'2020-03-03 23:26:32','2020-04-16 01:00:54','2020-04-25 14:06:53',415,21,96),(875,'2020-12-04 05:01:41','2020-04-02 10:18:30','2020-03-02 22:43:57',566,16,32),(877,'2020-01-21 12:06:23','2020-07-01 21:16:02','2020-08-26 17:56:07',233,9,48),(880,'2020-11-30 04:44:04','2020-10-06 17:55:15','2020-06-15 02:39:34',641,10,52),(881,'2020-12-04 08:57:43','2020-09-20 05:12:26','2020-04-15 15:30:16',336,8,57),(883,'2020-12-14 14:17:22','2020-04-20 09:18:54','2020-10-27 00:39:04',695,1,50),(885,'2020-05-11 11:01:56','2020-05-24 23:06:55','2020-08-19 19:50:04',114,12,39),(887,'2020-08-21 02:06:10','2020-04-04 07:21:28','2020-08-05 05:55:25',439,21,136),(888,'2020-04-25 01:54:26','2020-03-06 18:49:50','2020-10-20 17:40:44',604,2,87),(889,'2020-07-29 18:58:44','2020-03-16 14:28:09','2020-06-30 06:29:11',581,18,64),(890,'2020-02-08 01:30:18','2020-10-03 18:03:36','2020-08-07 14:09:18',732,20,115),(891,'2020-05-17 03:38:22','2020-02-01 03:41:50','2020-11-02 20:27:11',397,15,128),(893,'2020-11-02 00:22:42','2020-03-24 00:59:37','2020-10-26 07:07:21',483,2,10),(895,'2020-10-30 17:58:56','2020-09-15 19:50:57','2020-02-28 21:37:00',24,10,152),(896,'2020-12-05 10:59:55','2020-04-26 07:46:44','2020-12-03 16:02:59',550,8,112),(897,'2020-10-18 05:37:54','2020-10-16 09:12:35','2020-02-29 00:45:08',419,10,110),(898,'2020-05-03 19:06:16','2020-02-09 08:33:31','2020-01-28 07:17:54',542,13,107),(899,'2020-11-02 16:28:40','2020-12-11 03:28:06','2020-10-10 19:04:02',200,20,18),(900,'2020-09-02 21:21:19','2020-09-22 09:23:26','2020-03-12 00:40:53',819,12,128),(901,'2020-02-14 22:21:12','2020-04-23 15:41:13','2020-02-07 00:11:14',855,1,23),(903,'2020-05-31 06:01:59','2020-12-06 11:48:51','2020-11-21 06:40:57',382,16,136),(904,'2020-11-15 23:44:38','2020-02-06 14:30:04','2020-10-08 01:57:00',735,15,6),(905,'2020-06-06 07:25:03','2020-10-13 15:22:39','2020-12-12 20:04:09',440,5,118),(906,'2020-09-06 12:53:02','2020-12-24 21:37:58','2020-12-28 17:26:25',979,4,149),(909,'2020-12-19 22:41:24','2020-09-14 13:21:18','2020-06-08 06:36:45',673,14,70),(911,'2020-09-12 03:07:36','2020-02-11 08:51:47','2020-07-29 04:01:22',923,1,152),(912,'2020-12-18 12:24:35','2020-03-29 14:27:16','2020-11-04 11:05:38',900,1,109),(914,'2020-08-10 00:42:21','2020-12-19 03:19:24','2020-08-16 04:36:54',76,12,37),(915,'2020-08-06 03:08:00','2020-01-17 19:49:33','2020-04-24 09:26:12',545,5,139),(916,'2020-06-13 23:11:34','2020-04-26 20:23:16','2020-05-30 02:30:30',731,15,77),(917,'2020-04-18 04:52:47','2020-09-16 07:01:36','2020-09-07 22:12:34',1003,3,2),(918,'2020-11-07 02:26:34','2020-03-18 23:50:19','2020-01-03 16:43:55',692,19,81),(919,'2020-01-01 23:43:15','2020-04-09 16:34:26','2020-10-16 04:55:24',481,21,78),(921,'2020-03-08 09:22:37','2020-07-29 20:02:39','2020-12-22 21:19:36',159,21,63),(922,'2020-01-05 04:36:05','2020-03-16 02:36:47','2020-05-06 14:46:58',96,19,44),(923,'2020-02-24 19:05:29','2020-03-29 18:25:24','2020-09-20 06:54:33',188,3,137),(924,'2020-02-26 11:54:39','2020-01-02 16:30:43','2020-09-26 23:01:35',287,9,161),(925,'2020-11-21 19:53:48','2020-10-08 02:15:11','2020-08-14 20:09:43',678,12,2),(926,'2020-07-22 09:33:56','2020-12-24 02:38:56','2020-10-12 16:49:46',607,13,144),(927,'2020-02-04 06:00:25','2020-05-14 11:24:16','2020-07-12 15:33:00',871,17,108),(928,'2020-10-02 00:40:55','2020-02-23 03:09:36','2020-09-04 05:56:05',914,14,138),(930,'2020-11-15 01:14:12','2020-08-28 23:00:12','2020-08-12 19:27:37',530,14,34),(932,'2020-11-23 09:44:55','2020-09-22 16:14:36','2020-01-03 01:58:57',212,14,42),(934,'2020-03-15 18:03:43','2020-04-11 06:08:23','2020-03-29 03:30:37',414,4,136),(935,'2020-04-16 14:36:14','2020-02-24 21:11:11','2020-06-30 03:01:27',231,12,21),(936,'2020-10-22 04:18:29','2020-08-06 16:37:11','2020-03-23 19:04:27',750,11,117),(937,'2020-05-25 08:38:26','2020-11-11 04:36:01','2020-12-09 08:57:58',946,18,24),(939,'2020-01-27 12:12:41','2020-08-08 14:32:22','2020-04-28 15:48:42',875,9,26),(940,'2020-11-01 17:30:14','2020-10-12 01:03:14','2020-02-05 04:35:42',764,8,53),(941,'2020-12-20 05:40:18','2020-04-27 19:29:31','2020-02-02 23:19:07',232,15,79),(943,'2020-09-15 11:00:10','2020-06-02 07:12:43','2020-02-12 12:08:05',593,7,12),(945,'2020-09-16 23:07:40','2020-07-22 12:34:57','2020-10-02 00:48:34',676,17,117),(946,'2020-05-29 19:35:27','2020-03-21 11:29:46','2020-09-22 01:42:06',351,21,16),(950,'2020-10-15 16:53:26','2020-05-04 21:40:20','2020-01-13 21:40:45',184,12,59),(951,'2020-04-06 21:21:51','2020-07-11 06:25:32','2020-01-04 09:06:04',275,6,131),(952,'2020-05-11 14:56:17','2020-12-11 21:39:24','2020-04-30 15:50:48',302,14,5),(953,'2020-01-23 15:24:49','2020-01-17 03:44:15','2020-11-16 01:40:01',399,21,53),(954,'2020-09-20 01:00:59','2020-04-03 19:46:24','2020-03-16 20:01:04',67,13,103),(956,'2020-03-22 23:14:58','2020-03-31 13:57:57','2020-04-08 08:34:27',1016,20,154),(958,'2020-06-03 22:18:21','2020-01-01 18:20:14','2020-08-01 01:12:29',483,21,75),(959,'2020-03-03 05:08:39','2020-06-20 07:53:15','2020-05-27 12:11:56',242,18,129),(960,'2020-05-11 22:57:12','2020-12-18 11:21:25','2020-04-01 01:59:07',926,14,48),(961,'2020-12-10 13:55:50','2020-12-11 03:48:16','2020-12-21 03:21:08',504,2,104),(965,'2020-10-03 14:22:47','2020-05-22 13:59:42','2020-01-25 11:33:03',613,17,105),(969,'2020-01-04 20:07:42','2020-08-27 14:36:37','2020-05-10 06:31:12',143,7,34),(972,'2020-04-07 03:33:22','2020-08-20 15:05:19','2020-08-21 17:23:10',510,12,98),(973,'2020-08-29 21:32:59','2020-01-27 22:21:17','2020-12-21 12:49:03',78,14,147),(976,'2020-01-05 13:55:50','2020-08-16 17:49:06','2020-04-30 16:36:31',307,3,32),(978,'2020-08-29 03:47:37','2020-10-10 01:21:58','2020-02-16 17:56:42',792,12,34);
/*!40000 ALTER TABLE `Orders` ENABLE KEYS */;
UNLOCK TABLES;

--
-- Table structure for table `Supplier`
--

DROP TABLE IF EXISTS `Supplier`;
/*!40101 SET @saved_cs_client     = @@character_set_client */;
/*!50503 SET character_set_client = utf8mb4 */;
CREATE TABLE `Supplier` (
  `supplierID` int NOT NULL,
  `companyName` varchar(255) DEFAULT NULL,
  `contactName` varchar(255) DEFAULT NULL,
  `email` varchar(255) DEFAULT NULL,
  `telephone` varchar(255) DEFAULT NULL,
  PRIMARY KEY (`supplierID`)
) ENGINE=InnoDB DEFAULT CHARSET=utf8mb4 COLLATE=utf8mb4_0900_ai_ci;
/*!40101 SET character_set_client = @saved_cs_client */;

--
-- Dumping data for table `Supplier`
--

LOCK TABLES `Supplier` WRITE;
/*!40000 ALTER TABLE `Supplier` DISABLE KEYS */;
INSERT INTO `Supplier` VALUES (1,'Bike Accessories','Pembroke Cotsford','pcotsford0@gov.uk','+385 529 125 5983'),(2,'Giant','Lenette Gorries','lgorries1@businesswire.com','+1 624 471 7158'),(3,'Cinzia','Pansie Acedo','pacedo2@apple.com','+385 467 481 2315'),(4,'Bike Accessories','Egan Sparling','esparling3@feedburner.com','+420 309 514 4214'),(5,'Raleigh','Iver Roseburgh','iroseburgh4@microsoft.com','+380 352 252 9706'),(6,'Cinzia','Sheelagh Wollacott','swollacott5@omniture.com','+7 956 481 0508'),(7,'Bike Accessories','Arri Ible','aible6@360.cn','+62 852 906 3180'),(8,'Cinzia','Joellyn Hollingby','jhollingby7@cdc.gov','+86 747 850 6335'),(9,'Bike Supplies','Chicky Bremen','cbremen8@ucla.edu','+86 463 354 8227'),(10,'Scott','Laverne Cockayme','lcockayme9@amazon.com','+84 616 297 5416'),(11,'Bike Accessories','Gerick Mynard','gmynarda@go.com','+62 232 427 1724'),(12,'Bike Supplies','Bartolemo Wetton','bwettonb@netscape.com','+81 455 321 0330'),(13,'Cinzia','Kipper Summergill','ksummergillc@csmonitor.com','+63 580 508 0424');
/*!40000 ALTER TABLE `Supplier` ENABLE KEYS */;
UNLOCK TABLES;

--
-- Table structure for table `Supplies`
--

DROP TABLE IF EXISTS `Supplies`;
/*!40101 SET @saved_cs_client     = @@character_set_client */;
/*!50503 SET character_set_client = utf8mb4 */;
CREATE TABLE `Supplies` (
  `purchasePrice` decimal(19,2) DEFAULT NULL,
  `supplierID` int DEFAULT NULL,
  `itemID` int unsigned NOT NULL AUTO_INCREMENT,
  PRIMARY KEY (`itemID`),
  UNIQUE KEY `itemID_UNIQUE` (`itemID`),
  KEY `supplierID` (`supplierID`),
  CONSTRAINT `supplies_ibfk_1` FOREIGN KEY (`supplierID`) REFERENCES `Supplier` (`supplierID`) ON DELETE CASCADE
) ENGINE=InnoDB AUTO_INCREMENT=165 DEFAULT CHARSET=utf8mb4 COLLATE=utf8mb4_0900_ai_ci;
/*!40101 SET character_set_client = @saved_cs_client */;

--
-- Dumping data for table `Supplies`
--

LOCK TABLES `Supplies` WRITE;
/*!40000 ALTER TABLE `Supplies` DISABLE KEYS */;
INSERT INTO `Supplies` VALUES (571.96,1,1),(1674.11,6,2),(435.96,2,3),(71.98,4,4),(1023.79,1,5),(945.48,8,6),(1706.74,2,7),(1478.82,11,8),(120.69,4,9),(1317.93,11,10),(1683.53,8,11),(340.44,5,12),(1456.75,5,13),(1038.43,10,14),(651.14,8,15),(1488.22,3,16),(256.99,8,17),(604.40,10,18),(1251.22,2,19),(1366.53,12,20),(594.95,5,21),(1222.81,8,22),(1751.43,8,23),(1124.47,4,24),(1029.02,6,25),(677.45,5,26),(164.05,10,27),(1658.77,5,28),(567.58,7,29),(895.96,3,30),(849.64,7,31),(1038.82,1,32),(209.87,1,33),(1582.57,6,34),(566.18,5,35),(1576.46,2,36),(489.44,3,37),(469.65,13,38),(979.21,6,39),(394.53,13,40),(1039.13,8,41),(1002.66,9,42),(912.35,10,43),(71.12,1,44),(1040.07,3,45),(767.87,7,46),(1338.03,13,47),(1140.96,8,48),(1693.09,2,49),(1008.91,2,50),(410.69,5,51),(572.29,11,52),(100.05,5,53),(1360.18,8,54),(1145.14,9,55),(98.88,12,56),(920.95,13,57),(1689.39,12,58),(864.43,1,59),(293.61,11,60),(1428.30,8,61),(770.05,12,62),(651.41,12,63),(1036.11,1,64),(1513.46,2,65),(1202.75,3,66),(1785.71,12,67),(877.45,9,68),(1183.83,5,69),(1092.60,3,70),(213.27,9,71),(1413.74,9,72),(1374.17,4,73),(340.32,3,74),(564.20,6,75),(1545.83,2,76),(1226.94,9,77),(418.59,5,78),(597.85,13,79),(1391.52,3,80),(1213.98,7,81),(1000.84,2,82),(633.83,5,83),(1200.19,13,84),(1427.63,5,85),(1307.71,12,86),(1486.46,12,87),(668.58,7,88),(768.97,3,89),(1209.36,12,90),(1451.86,11,91),(940.07,10,92),(1234.97,10,93),(579.65,1,94),(1105.24,1,95),(482.99,8,96),(1287.26,6,97),(1668.49,12,98),(1362.84,1,99),(708.56,4,100),(558.87,5,101),(1219.32,11,102),(178.63,8,103),(437.91,11,104),(1777.02,9,105),(137.41,8,106),(953.63,10,107),(888.60,7,108),(1365.13,10,109),(1054.01,5,110),(1094.91,3,111),(109.89,12,112),(555.36,13,113),(1724.62,2,114),(56.44,6,115),(1220.37,4,116),(1564.77,8,117),(1455.81,9,118),(1045.55,10,119),(714.98,13,120),(1386.11,7,121),(407.64,2,122),(1135.71,13,123),(501.52,2,124),(136.41,1,125),(829.60,7,126),(1439.55,10,127),(854.85,2,128),(1235.46,5,129),(220.34,11,130),(505.73,4,131),(1350.64,5,132),(1290.38,4,133),(383.52,1,134),(942.63,13,135),(1472.59,12,136),(1149.93,8,137),(554.90,6,138),(371.63,2,139),(683.79,1,140),(1319.50,5,141),(1223.25,10,142),(1039.21,9,143),(1212.98,7,144),(1492.31,5,145),(1130.58,13,146),(97.37,3,147),(981.19,8,148),(195.19,9,149),(1599.42,5,150),(180.21,10,151),(1763.99,10,152),(1654.37,1,153),(654.96,5,154),(958.10,5,155),(667.63,4,156),(734.73,6,157),(1252.29,2,158),(989.78,9,159),(1446.42,3,160),(1649.89,6,161),(1406.88,12,162),(1713.57,4,163),(50.47,13,164);
/*!40000 ALTER TABLE `Supplies` ENABLE KEYS */;
UNLOCK TABLES;

--
-- Table structure for table `TeamMember`
--

DROP TABLE IF EXISTS `TeamMember`;
/*!40101 SET @saved_cs_client     = @@character_set_client */;
/*!50503 SET character_set_client = utf8mb4 */;
CREATE TABLE `TeamMember` (
  `memberID` int NOT NULL,
  `lName` varchar(255) DEFAULT NULL,
  `fName` varchar(255) DEFAULT NULL,
  `position` varchar(255) DEFAULT NULL,
  `email` varchar(255) DEFAULT NULL,
  `telephone` varchar(255) DEFAULT NULL,
  `address` varchar(255) DEFAULT NULL,
  PRIMARY KEY (`memberID`)
) ENGINE=InnoDB DEFAULT CHARSET=utf8mb4 COLLATE=utf8mb4_0900_ai_ci;
/*!40101 SET character_set_client = @saved_cs_client */;

--
-- Dumping data for table `TeamMember`
--

LOCK TABLES `TeamMember` WRITE;
/*!40000 ALTER TABLE `TeamMember` DISABLE KEYS */;
INSERT INTO `TeamMember` VALUES (1,'Goodall','Marion','Manager-OL','marion@eurocycles.com','+353018845699','26, Leinster Road, Dublin 6, Ireland'),(2,'Griffin','Shane','Manager-SW','shane@eurocycles.com','+353018544555','12, Grosvesnor Park, Dublin2, Ireland'),(3,'Joyce','Ciat','Manager-LR','joyce@eurocycles.com','+353538863025','7, OConnel Street, Dublin1, Ireland'),(4,'Ibbotson','Cian','Sales Assistant-SW','cian@eurocycles.com','+353215693554','35, Marion Avenue, Dublin11, Ireland'),(5,'Willet','James','Sales Assistant-SW','willet@eurocycles.com','+3530568895623','1, Effra Street, Dublin6, Ireland'),(6,'Davis','Gavin','Mechanic-SW','gavin@eurocycles.com','+353018745541','6, Longford Road, Dublin11, Ireland'),(7,'Menloe','Padraic','Sales Advisor','pmenloe0@purevolume.com','+371 492 891 8517','4 Trailsway Point'),(8,'Skeeles','Willie','Mechanic','wskeeles1@yelp.com','+62 905 657 8548','98028 Little Fleur Alley'),(9,'Cantrill','Arlene','Sales Assistant','acantrill2@hc360.com','+54 175 461 3020','72 Eastwood Hill'),(10,'Gerretsen','Valentino','Sales Assistant','vgerretsen3@nationalgeographic.com','+33 177 333 4872','184 Riverside Plaza'),(11,'Pirson','Elvis','Sales Assistant','epirson4@google.cn','+86 834 404 2732','64863 Clemons Road'),(12,'Llewellyn','Ravid','Sales Advisor','rllewellyn5@altervista.org','+86 877 214 9752','11638 Sugar Center'),(13,'Bagott','Eva','Sales Assistant','ebagott6@linkedin.com','+351 691 470 6089','15382 Esch Center'),(14,'Hallatt','Rosette','Sales Assistant','rhallatt7@wix.com','+66 539 534 9344','9993 Mandrake Court'),(15,'Spykins','Herbert','Sales Advisor','hspykins8@jalbum.net','+351 945 884 4798','50532 Northridge Hill'),(16,'Lanegran','Agneta','Sales Assistant','alanegran9@nps.gov','+48 266 858 4338','702 Fairfield Way'),(17,'MacGhee','Malcolm','Sales Advisor','mmacgheea@goo.gl','+86 705 654 8980','358 Dovetail Plaza'),(18,'Pozzi','Allistir','Sales Advisor','apozzib@ebay.com','+82 984 401 5224','65290 Hooker Junction'),(19,'Dabrowski','Teddi','Assistant Manager','tdabrowskic@bloglines.com','+81 944 828 8088','9 Waubesa Park'),(20,'Shearsby','Lin','Sales Advisor','lshearsbyd@stumbleupon.com','+86 287 127 6329','4712 Division Street'),(21,'Smeeth','Dede','Assistant Manager','dsmeethe@mozilla.com','+62 310 331 8196','63898 Mcbride Center');
/*!40000 ALTER TABLE `TeamMember` ENABLE KEYS */;
UNLOCK TABLES;

--
-- Final view structure for view `items_period`
--

/*!50001 DROP VIEW IF EXISTS `items_period`*/;
/*!50001 SET @saved_cs_client          = @@character_set_client */;
/*!50001 SET @saved_cs_results         = @@character_set_results */;
/*!50001 SET @saved_col_connection     = @@collation_connection */;
/*!50001 SET character_set_client      = utf8mb4 */;
/*!50001 SET character_set_results     = utf8mb4 */;
/*!50001 SET collation_connection      = utf8mb4_0900_ai_ci */;
/*!50001 CREATE ALGORITHM=UNDEFINED */
/*!50013 DEFINER=`root`@`localhost` SQL SECURITY DEFINER */
/*!50001 VIEW `items_period` AS select `o`.`clientID` AS `clientID`,`o`.`orderNumber` AS `orderNumber`,`o`.`date_time_Approval` AS `date_time_Approval`,`c`.`quantityOfItems` AS `quantityOfItems`,`c`.`totalValue` AS `totalValue` from (`orders` `o` join `contain` `c` on((`o`.`orderNumber` = `c`.`orderNumber`))) where (`o`.`date_time_Approval` between '2020-10-01' and '2020-10-31') group by `o`.`clientID` */;
/*!50001 SET character_set_client      = @saved_cs_client */;
/*!50001 SET character_set_results     = @saved_cs_results */;
/*!50001 SET collation_connection      = @saved_col_connection */;
/*!40103 SET TIME_ZONE=@OLD_TIME_ZONE */;

/*!40101 SET SQL_MODE=@OLD_SQL_MODE */;
/*!40014 SET FOREIGN_KEY_CHECKS=@OLD_FOREIGN_KEY_CHECKS */;
/*!40014 SET UNIQUE_CHECKS=@OLD_UNIQUE_CHECKS */;
/*!40101 SET CHARACTER_SET_CLIENT=@OLD_CHARACTER_SET_CLIENT */;
/*!40101 SET CHARACTER_SET_RESULTS=@OLD_CHARACTER_SET_RESULTS */;
/*!40101 SET COLLATION_CONNECTION=@OLD_COLLATION_CONNECTION */;
/*!40111 SET SQL_NOTES=@OLD_SQL_NOTES */;

-- Dump completed on 2020-11-29 17:11:13
